id,garden_points_status,commitment_months,participation_history,project_focus_code,requested_resources_value,personal_reserve_status,volunteer_tenure_bracket,time_commitment_rate,household_profile,co_sponsor_presence,years_in_neighborhood_bracket,asset_contribution_type,member_age,other_support_plans,housing_situation,existing_commitments_count,role_skill_tier,dependents_supported,has_phone,newcomer_status,support_outcome
829,Points negative,36.0,Previous roles completed,Transport (used),8335.0,No reserve,>=7,3.0,Single adult,No co-sponsor,4.0,No tangible assets,47.0,None,Hosted / no rent,1.0,Skilled volunteer,1.0,No phone,Newcomer,bad
998,No points account,12.0,Previous roles completed,Communications equipment,804.0,Reserve: <100,>=7,4.0,Single adult,No co-sponsor,4.0,Shared tools,38.0,None,Own housing,1.0,Skilled volunteer,1.0,No phone,Newcomer,good
149,Points negative,36.0,Issues on prior roles,Workshop equipment,5371.0,Reserve: <100,1<=X<4,3.0,Single adult,Mentor sponsor,2.0,Long-term fund,28.0,None,Own housing,2.0,Skilled volunteer,1.0,No phone,Newcomer,good
736,Points 0–199,36.0,All roles on time,Shared appliances,3990.0,No reserve,<1,3.0,Adult w/ dependents or shared household,No co-sponsor,2.0,No tangible assets,29.0,Partner bank,Own housing,1.0,Unemployed / non-resident unskilled,1.0,No phone,Newcomer,good
131,Points 0–199,48.0,Previous roles completed,Transport (new),8487.0,No reserve,4<=X<7,1.0,Adult w/ dependents or shared household,No co-sponsor,2.0,Shared tools,24.0,None,Own housing,1.0,Skilled volunteer,1.0,No phone,Newcomer,good
655,No points account,24.0,Issues on prior roles,Transport (used),2346.0,Reserve: <100,4<=X<7,4.0,Single adult,No co-sponsor,3.0,Shared tools,35.0,None,Own housing,2.0,Skilled volunteer,1.0,Has phone,Newcomer,good
785,Points 0–199,20.0,Previous roles completed,Transport (used),6468.0,No reserve,unemployed,1.0,Recently separated household,No co-sponsor,4.0,Community plot share,60.0,None,Own housing,1.0,Highly skilled / lead,1.0,Has phone,Newcomer,good
319,No points account,12.0,Issues on prior roles,Training / education,701.0,Reserve: <100,1<=X<4,4.0,Single adult,No co-sponsor,2.0,Shared tools,32.0,None,Own housing,2.0,Skilled volunteer,1.0,No phone,Newcomer,good
273,Points 0–199,48.0,All roles on time,Transport (new),12169.0,No reserve,unemployed,4.0,Single adult,Co-gardener sponsor,4.0,No tangible assets,36.0,None,Hosted / no rent,1.0,Highly skilled / lead,1.0,Has phone,Newcomer,good
784,Points 0–199,12.0,Previous roles completed,Transport (new),836.0,Reserve: 100–499,<1,4.0,Adult w/ dependents or shared household,No co-sponsor,2.0,Long-term fund,23.0,Partner bank,Own housing,1.0,Unskilled resident,1.0,No phone,Newcomer,bad
568,No points account,24.0,Issues on prior roles,Communications equipment,2578.0,Reserve: ≥1000,>=7,2.0,Single adult,No co-sponsor,2.0,Shared tools,34.0,None,Own housing,1.0,Skilled volunteer,1.0,No phone,Newcomer,good
321,Points 0–199,30.0,Issues on prior roles,Transport (new),4249.0,Reserve: <100,unemployed,4.0,Committed/shared household,No co-sponsor,2.0,Shared tools,28.0,None,Own housing,2.0,Highly skilled / lead,1.0,No phone,Newcomer,bad
212,No points account,36.0,Previous roles completed,Communications equipment,3835.0,No reserve,>=7,2.0,Adult w/ dependents or shared household,No co-sponsor,4.0,Community plot share,45.0,None,Own housing,1.0,Unskilled resident,1.0,Has phone,Newcomer,good
783,Points 0–199,12.0,No prior roles / all on time,Retraining,1410.0,Reserve: <100,1<=X<4,2.0,Single adult,No co-sponsor,2.0,Community plot share,31.0,None,Own housing,1.0,Unskilled resident,1.0,Has phone,Newcomer,good
368,Points negative,18.0,Previous roles completed,Workshop equipment,3650.0,Reserve: <100,<1,1.0,Adult w/ dependents or shared household,No co-sponsor,4.0,Shared tools,22.0,None,Rented housing,1.0,Skilled volunteer,1.0,No phone,Newcomer,good
971,Points 0–199,15.0,Previous roles completed,Plot repairs,1514.0,Reserve: 100–499,1<=X<4,4.0,Single adult,Mentor sponsor,2.0,Community plot share,22.0,None,Own housing,1.0,Skilled volunteer,1.0,No phone,Newcomer,good
897,Points negative,21.0,Previous roles completed,Communications equipment,2606.0,Reserve: <100,<1,4.0,Adult w/ dependents or shared household,No co-sponsor,4.0,Long-term fund,28.0,None,Rented housing,1.0,Highly skilled / lead,1.0,Has phone,Newcomer,good
931,Points negative,24.0,Previous roles completed,Workshop equipment,1747.0,Reserve: <100,<1,4.0,Single adult,Co-gardener sponsor,1.0,Long-term fund,24.0,None,Own housing,1.0,Unskilled resident,1.0,No phone,Local resident,good
252,Points 200+,12.0,Previous roles completed,Workshop equipment,2251.0,Reserve: <100,1<=X<4,1.0,Adult w/ dependents or shared household,No co-sponsor,2.0,Shared tools,46.0,None,Own housing,1.0,Unskilled resident,1.0,No phone,Newcomer,good
391,No points account,18.0,Previous roles completed,Transport (new),1820.0,Reserve: <100,1<=X<4,2.0,Committed/shared household,No co-sponsor,2.0,Long-term fund,30.0,None,Own housing,1.0,Highly skilled / lead,1.0,Has phone,Newcomer,good
742,Points 0–199,10.0,All roles on time,Communications equipment,1048.0,Reserve: <100,1<=X<4,4.0,Single adult,No co-sponsor,4.0,Community plot share,23.0,Partner stores,Own housing,1.0,Unskilled resident,1.0,No phone,Newcomer,good
553,Points negative,48.0,Previous roles completed,Communications equipment,6999.0,Reserve: <100,4<=X<7,1.0,Committed/shared household,Mentor sponsor,1.0,Community plot share,34.0,None,Own housing,2.0,Skilled volunteer,1.0,Has phone,Newcomer,bad
288,Points 0–199,48.0,Delayed in prior commitments,Other project,7582.0,Reserve: 100–499,unemployed,2.0,Single adult,No co-sponsor,4.0,No tangible assets,31.0,None,Hosted / no rent,1.0,Highly skilled / lead,1.0,Has phone,Newcomer,good
653,Points negative,24.0,Previous roles completed,Transport (new),2303.0,Reserve: <100,>=7,4.0,Single adult,Co-gardener sponsor,1.0,Community plot share,45.0,None,Own housing,1.0,Skilled volunteer,1.0,No phone,Newcomer,bad
907,Points negative,21.0,Previous roles completed,Transport (new),3763.0,No reserve,4<=X<7,2.0,Single adult,Co-gardener sponsor,2.0,Community plot share,24.0,None,Own housing,1.0,Unskilled resident,1.0,No phone,Local resident,good
905,No points account,24.0,Previous roles completed,Communications equipment,1278.0,Reserve: <100,>=7,4.0,Single adult,No co-sponsor,1.0,Community plot share,36.0,None,Own housing,1.0,Highly skilled / lead,1.0,Has phone,Newcomer,good
152,No points account,10.0,Previous roles completed,Communications equipment,1924.0,Reserve: <100,1<=X<4,1.0,Single adult,No co-sponsor,4.0,Long-term fund,38.0,None,Own housing,1.0,Skilled volunteer,1.0,Has phone,Local resident,good
835,Points 200+,15.0,Previous roles completed,Communications equipment,2327.0,Reserve: <100,<1,2.0,Adult w/ dependents or shared household,No co-sponsor,3.0,Community plot share,25.0,None,Own housing,1.0,Unskilled resident,1.0,No phone,Newcomer,bad
778,Points negative,18.0,Previous roles completed,Communications equipment,3509.0,Reserve: <100,4<=X<7,4.0,Adult w/ dependents or shared household,Mentor sponsor,1.0,Community plot share,25.0,None,Own housing,1.0,Skilled volunteer,1.0,No phone,Newcomer,good
360,Points negative,30.0,Previous roles completed,Workshop equipment,2406.0,Reserve: <100,4<=X<7,4.0,Adult w/ dependents or shared household,No co-sponsor,4.0,Community plot share,23.0,None,Rented housing,1.0,Skilled volunteer,1.0,No phone,Newcomer,bad
577,Points 0–199,12.0,Previous roles completed,Communications equipment,2930.0,Reserve: <100,4<=X<7,2.0,Adult w/ dependents or shared household,No co-sponsor,1.0,Community plot share,27.0,None,Own housing,1.0,Skilled volunteer,1.0,No phone,Newcomer,good
771,Points negative,24.0,Previous roles completed,Transport (used),2812.0,No reserve,>=7,2.0,Adult w/ dependents or shared household,No co-sponsor,4.0,Community plot share,26.0,None,Rented housing,1.0,Skilled volunteer,1.0,No phone,Newcomer,good
390,No points account,9.0,Previous roles completed,Microenterprise support,1449.0,Reserve: <100,4<=X<7,3.0,Adult w/ dependents or shared household,No co-sponsor,2.0,Shared tools,27.0,None,Own housing,2.0,Skilled volunteer,1.0,No phone,Newcomer,good
943,No points account,24.0,Previous roles completed,Workshop equipment,929.0,No reserve,4<=X<7,4.0,Single adult,No co-sponsor,2.0,Shared tools,31.0,Partner stores,Own housing,1.0,Skilled volunteer,1.0,Has phone,Newcomer,good
51,Points 0–199,24.0,Delayed in prior commitments,Workshop equipment,2333.0,No reserve,<1,4.0,Single adult,No co-sponsor,2.0,Long-term fund,29.0,Partner bank,Own housing,1.0,Unskilled resident,1.0,No phone,Newcomer,good
414,No points account,10.0,Previous roles completed,Transport (new),1597.0,Reserve: 500–999,1<=X<4,3.0,Single adult,No co-sponsor,2.0,No tangible assets,40.0,None,Rented housing,1.0,Unskilled resident,2.0,No phone,Local resident,good
194,No points account,6.0,Previous roles completed,Communications equipment,2108.0,Reserve: <100,4<=X<7,2.0,Committed/shared household,No co-sponsor,2.0,Community plot share,29.0,None,Rented housing,1.0,Skilled volunteer,1.0,No phone,Newcomer,good
351,No points account,9.0,Previous roles completed,Shared appliances,1236.0,Reserve: <100,<1,1.0,Adult w/ dependents or shared household,No co-sponsor,4.0,Community plot share,23.0,None,Rented housing,1.0,Skilled volunteer,1.0,Has phone,Newcomer,good
995,No points account,12.0,Previous roles completed,Transport (new),2390.0,No reserve,>=7,4.0,Single adult,No co-sponsor,3.0,Shared tools,50.0,None,Own housing,1.0,Skilled volunteer,1.0,Has phone,Newcomer,good
723,Points negative,12.0,Previous roles completed,Transport (new),1228.0,Reserve: <100,1<=X<4,4.0,Adult w/ dependents or shared household,No co-sponsor,2.0,Community plot share,24.0,None,Own housing,1.0,Unskilled resident,1.0,No phone,Newcomer,bad
875,Points negative,12.0,Previous roles completed,Workshop equipment,3590.0,Reserve: <100,1<=X<4,2.0,Single adult,Co-gardener sponsor,2.0,Long-term fund,29.0,None,Own housing,1.0,Unskilled resident,2.0,No phone,Newcomer,good
547,No points account,24.0,Issues on prior roles,Transport (new),2022.0,Reserve: <100,1<=X<4,4.0,Adult w/ dependents or shared household,No co-sponsor,4.0,Shared tools,37.0,None,Own housing,1.0,Skilled volunteer,1.0,Has phone,Newcomer,good
760,Points negative,12.0,Issues on prior roles,Transport (new),691.0,Reserve: <100,>=7,4.0,Single adult,No co-sponsor,3.0,Long-term fund,35.0,None,Own housing,2.0,Skilled volunteer,1.0,No phone,Newcomer,bad
234,Points 0–199,18.0,Previous roles completed,Communications equipment,866.0,Reserve: <100,1<=X<4,4.0,Committed/shared household,Mentor sponsor,2.0,Community plot share,25.0,None,Own housing,1.0,Unskilled resident,1.0,No phone,Newcomer,good
810,Points 0–199,15.0,No prior roles / all on time,Transport (new),1778.0,Reserve: <100,<1,2.0,Adult w/ dependents or shared household,No co-sponsor,1.0,Community plot share,26.0,None,Rented housing,2.0,Unemployed / non-resident unskilled,1.0,No phone,Newcomer,bad
307,No points account,30.0,Previous roles completed,Transport (used),4811.0,No reserve,4<=X<7,2.0,Adult w/ dependents or shared household,No co-sponsor,4.0,Long-term fund,24.0,Partner stores,Rented housing,1.0,Unskilled resident,1.0,No phone,Newcomer,good
491,No points account,12.0,Issues on prior roles,Communications equipment,1934.0,Reserve: <100,>=7,2.0,Single adult,No co-sponsor,2.0,No tangible assets,26.0,None,Own housing,2.0,Skilled volunteer,1.0,No phone,Newcomer,good
289,Points 0–199,12.0,Previous roles completed,Communications equipment,1092.0,Reserve: <100,1<=X<4,4.0,Adult w/ dependents or shared household,Mentor sponsor,4.0,Community plot share,49.0,None,Own housing,2.0,Skilled volunteer,1.0,Has phone,Newcomer,good
728,Points negative,18.0,Previous roles completed,Communications equipment,1882.0,Reserve: <100,1<=X<4,4.0,Adult w/ dependents or shared household,No co-sponsor,4.0,Shared tools,25.0,Partner bank,Rented housing,2.0,Skilled volunteer,1.0,No phone,Newcomer,bad
199,Points 0–199,24.0,Previous roles completed,Transport (used),2760.0,No reserve,>=7,4.0,Single adult,No co-sponsor,4.0,No tangible assets,36.0,Partner bank,Hosted / no rent,1.0,Skilled volunteer,1.0,Has phone,Newcomer,good
584,Points 0–199,36.0,Previous roles completed,Plot repairs,2384.0,Reserve: <100,<1,4.0,Single adult,No co-sponsor,1.0,No tangible assets,33.0,None,Rented housing,1.0,Unskilled resident,1.0,No phone,Newcomer,bad
753,Points 0–199,12.0,Previous roles completed,Microenterprise support,841.0,Reserve: 100–499,4<=X<7,2.0,Adult w/ dependents or shared household,No co-sponsor,4.0,Community plot share,23.0,None,Rented housing,1.0,Unskilled resident,1.0,No phone,Newcomer,good
302,Points 0–199,36.0,No prior roles / all on time,Communications equipment,3804.0,Reserve: <100,1<=X<4,4.0,Adult w/ dependents or shared household,No co-sponsor,1.0,Shared tools,42.0,None,Own housing,1.0,Skilled volunteer,1.0,Has phone,Newcomer,bad
592,Points 0–199,24.0,Delayed in prior commitments,Transport (new),1965.0,No reserve,1<=X<4,4.0,Adult w/ dependents or shared household,No co-sponsor,4.0,Shared tools,42.0,None,Rented housing,2.0,Skilled volunteer,1.0,Has phone,Newcomer,good
126,Points negative,12.0,Issues on prior roles,Transport (new),2121.0,Reserve: <100,1<=X<4,4.0,Single adult,No co-sponsor,2.0,Long-term fund,30.0,None,Own housing,2.0,Skilled volunteer,1.0,No phone,Newcomer,good
490,No points account,6.0,Previous roles completed,Transport (new),3518.0,Reserve: <100,1<=X<4,2.0,Single adult,Mentor sponsor,3.0,Long-term fund,26.0,None,Rented housing,1.0,Skilled volunteer,1.0,No phone,Newcomer,good
607,No points account,24.0,Issues on prior roles,Microenterprise support,4526.0,Reserve: <100,1<=X<4,3.0,Single adult,No co-sponsor,2.0,Community plot share,74.0,None,Own housing,1.0,Highly skilled / lead,1.0,Has phone,Newcomer,good
624,Points negative,12.0,Previous roles completed,Workshop equipment,1858.0,Reserve: <100,<1,4.0,Adult w/ dependents or shared household,No co-sponsor,1.0,Shared tools,22.0,None,Rented housing,1.0,Skilled volunteer,1.0,No phone,Newcomer,good
73,Points negative,8.0,Issues on prior roles,Other project,1164.0,Reserve: <100,>=7,3.0,Single adult,No co-sponsor,4.0,No tangible assets,51.0,Partner bank,Hosted / no rent,2.0,Highly skilled / lead,2.0,Has phone,Newcomer,good
755,No points account,12.0,Delayed in prior commitments,Plot repairs,1555.0,Reserve: ≥1000,>=7,4.0,Single adult,No co-sponsor,4.0,No tangible assets,55.0,None,Hosted / no rent,2.0,Skilled volunteer,2.0,No phone,Newcomer,bad
513,Points 200+,15.0,Previous roles completed,Microenterprise support,2687.0,Reserve: <100,4<=X<7,2.0,Single adult,No co-sponsor,4.0,Long-term fund,26.0,None,Rented housing,1.0,Skilled volunteer,1.0,Has phone,Newcomer,good
218,Points 200+,36.0,Previous roles completed,Communications equipment,3913.0,Reserve: <100,1<=X<4,2.0,Single adult,No co-sponsor,2.0,Community plot share,23.0,None,Own housing,1.0,Skilled volunteer,1.0,Has phone,Newcomer,good
106,Points 0–199,24.0,Issues on prior roles,Other project,11938.0,Reserve: <100,1<=X<4,2.0,Single adult,Co-gardener sponsor,3.0,Shared tools,39.0,None,Own housing,2.0,Highly skilled / lead,2.0,Has phone,Newcomer,bad
657,Points 0–199,12.0,Previous roles completed,Transport (new),888.0,Reserve: <100,>=7,4.0,Single adult,No co-sponsor,4.0,Shared tools,41.0,Partner bank,Own housing,1.0,Unskilled resident,2.0,No phone,Newcomer,bad
400,No points account,24.0,Issues on prior roles,Communications equipment,1516.0,Reserve: ≥1000,1<=X<4,4.0,Adult w/ dependents or shared household,No co-sponsor,1.0,Community plot share,43.0,None,Own housing,2.0,Unskilled resident,1.0,No phone,Newcomer,good
209,Points negative,24.0,Previous roles completed,Microenterprise support,6568.0,Reserve: <100,1<=X<4,2.0,Committed/shared household,No co-sponsor,2.0,Shared tools,21.0,Partner stores,Own housing,1.0,Unskilled resident,1.0,No phone,Newcomer,good
981,Points 0–199,30.0,Issues on prior roles,Workshop equipment,8386.0,Reserve: <100,4<=X<7,2.0,Single adult,No co-sponsor,2.0,Long-term fund,49.0,None,Own housing,1.0,Skilled volunteer,1.0,No phone,Newcomer,bad
748,Points negative,12.0,Previous roles completed,Transport (new),1274.0,Reserve: <100,<1,3.0,Adult w/ dependents or shared household,No co-sponsor,1.0,Community plot share,37.0,None,Own housing,1.0,Unskilled resident,1.0,No phone,Newcomer,bad
100,Points 0–199,20.0,Delayed in prior commitments,Transport (used),7057.0,No reserve,4<=X<7,3.0,Single adult,No co-sponsor,4.0,Long-term fund,36.0,Partner bank,Rented housing,2.0,Highly skilled / lead,2.0,Has phone,Newcomer,good
949,No points account,18.0,Previous roles completed,Workshop equipment,1533.0,Reserve: <100,<1,4.0,Committed/shared household,Co-gardener sponsor,1.0,Long-term fund,43.0,None,Own housing,1.0,Unskilled resident,2.0,No phone,Newcomer,bad
786,Points 0–199,18.0,Previous roles completed,Microenterprise support,1941.0,Reserve: ≥1000,1<=X<4,4.0,Single adult,No co-sponsor,2.0,Long-term fund,35.0,None,Own housing,1.0,Unskilled resident,1.0,Has phone,Newcomer,good
433,Points negative,6.0,Issues on prior roles,Workshop equipment,1872.0,Reserve: <100,unemployed,4.0,Single adult,No co-sponsor,4.0,No tangible assets,36.0,None,Hosted / no rent,3.0,Highly skilled / lead,1.0,Has phone,Newcomer,good
636,No points account,12.0,Previous roles completed,Training / education,1393.0,Reserve: <100,>=7,4.0,Single adult,No co-sponsor,4.0,Long-term fund,47.0,Partner bank,Own housing,3.0,Skilled volunteer,2.0,Has phone,Newcomer,good
598,Points 0–199,24.0,No prior roles / all on time,Microenterprise support,4241.0,Reserve: <100,1<=X<4,1.0,Single adult,No co-sponsor,4.0,Community plot share,36.0,None,Own housing,3.0,Unskilled resident,1.0,Has phone,Newcomer,bad
737,Points 0–199,24.0,Previous roles completed,Transport (used),11560.0,Reserve: <100,1<=X<4,1.0,Adult w/ dependents or shared household,No co-sponsor,4.0,Shared tools,23.0,None,Rented housing,2.0,Highly skilled / lead,1.0,No phone,Newcomer,bad
640,Points negative,42.0,Delayed in prior commitments,Communications equipment,4370.0,Reserve: <100,4<=X<7,3.0,Single adult,No co-sponsor,2.0,Long-term fund,26.0,Partner bank,Own housing,2.0,Skilled volunteer,2.0,Has phone,Newcomer,bad
987,Points 200+,42.0,No prior roles / all on time,Microenterprise support,6289.0,Reserve: <100,<1,2.0,Recently separated household,No co-sponsor,1.0,Long-term fund,33.0,None,Own housing,2.0,Skilled volunteer,1.0,No phone,Newcomer,good
608,Points 0–199,36.0,Previous roles completed,Communications equipment,2671.0,Reserve: 100–499,1<=X<4,4.0,Adult w/ dependents or shared household,Co-gardener sponsor,4.0,No tangible assets,50.0,None,Hosted / no rent,1.0,Skilled volunteer,1.0,No phone,Newcomer,bad
448,Points 0–199,7.0,Previous roles completed,Communications equipment,2576.0,Reserve: <100,1<=X<4,2.0,Single adult,Mentor sponsor,2.0,Community plot share,35.0,None,Own housing,1.0,Skilled volunteer,1.0,No phone,Newcomer,good
63,Points 0–199,36.0,No prior roles / all on time,Microenterprise support,1953.0,Reserve: <100,>=7,4.0,Single adult,No co-sponsor,4.0,No tangible assets,61.0,None,Hosted / no rent,1.0,Highly skilled / lead,1.0,Has phone,Newcomer,bad
604,No points account,36.0,Previous roles completed,Workshop equipment,3349.0,Reserve: <100,1<=X<4,4.0,Adult w/ dependents or shared household,No co-sponsor,2.0,Shared tools,28.0,None,Own housing,1.0,Highly skilled / lead,1.0,Has phone,Newcomer,bad
986,Points negative,15.0,Issues on prior roles,Workshop equipment,1433.0,Reserve: <100,1<=X<4,4.0,Adult w/ dependents or shared household,No co-sponsor,3.0,Long-term fund,25.0,None,Rented housing,2.0,Skilled volunteer,1.0,No phone,Newcomer,good
656,Points negative,14.0,Previous roles completed,Transport (new),3973.0,Reserve: <100,unemployed,1.0,Single adult,No co-sponsor,4.0,No tangible assets,22.0,None,Hosted / no rent,1.0,Skilled volunteer,1.0,No phone,Newcomer,good
240,Points negative,30.0,Previous roles completed,Communications equipment,2522.0,Reserve: <100,>=7,1.0,Single adult,Mentor sponsor,3.0,Long-term fund,39.0,None,Own housing,1.0,Skilled volunteer,2.0,No phone,Newcomer,good
514,Points 0–199,12.0,Delayed in prior commitments,Communications equipment,585.0,Reserve: <100,1<=X<4,4.0,Committed/shared household,Co-gardener sponsor,4.0,Community plot share,20.0,None,Rented housing,2.0,Skilled volunteer,1.0,No phone,Newcomer,good
929,No points account,30.0,Previous roles completed,Communications equipment,1867.0,No reserve,>=7,4.0,Single adult,No co-sponsor,4.0,Shared tools,58.0,None,Own housing,1.0,Skilled volunteer,1.0,Has phone,Newcomer,good
853,No points account,15.0,Issues on prior roles,Communications equipment,1471.0,Reserve: <100,1<=X<4,4.0,Single adult,No co-sponsor,4.0,No tangible assets,35.0,None,Hosted / no rent,2.0,Skilled volunteer,1.0,Has phone,Newcomer,good
647,Points negative,30.0,No prior roles / all on time,Workshop equipment,4583.0,Reserve: <100,1<=X<4,2.0,Recently separated household,Mentor sponsor,2.0,Community plot share,32.0,None,Own housing,2.0,Skilled volunteer,1.0,No phone,Newcomer,good
863,Points negative,24.0,Previous roles completed,Communications equipment,2439.0,Reserve: <100,<1,4.0,Adult w/ dependents or shared household,No co-sponsor,4.0,Community plot share,35.0,None,Own housing,1.0,Skilled volunteer,1.0,Has phone,Newcomer,bad
1000,Points 0–199,45.0,Issues on prior roles,Transport (used),4576.0,Reserve: 100–499,unemployed,3.0,Single adult,No co-sponsor,4.0,Shared tools,27.0,None,Own housing,1.0,Skilled volunteer,1.0,No phone,Newcomer,good
245,No points account,12.0,All roles on time,Retraining,3447.0,Reserve: 500–999,1<=X<4,4.0,Adult w/ dependents or shared household,No co-sponsor,3.0,Community plot share,35.0,None,Own housing,1.0,Unskilled resident,2.0,No phone,Newcomer,good
1,Points negative,6.0,Issues on prior roles,Communications equipment,1169.0,No reserve,>=7,4.0,Single adult,No co-sponsor,4.0,Community plot share,67.0,None,Own housing,2.0,Skilled volunteer,1.0,Has phone,Newcomer,good
80,Points 0–199,30.0,Previous roles completed,Workshop equipment,3832.0,Reserve: <100,<1,2.0,Committed/shared household,No co-sponsor,1.0,Long-term fund,22.0,None,Own housing,1.0,Skilled volunteer,1.0,No phone,Newcomer,good
505,Points negative,24.0,Previous roles completed,Transport (new),1207.0,Reserve: <100,<1,4.0,Adult w/ dependents or shared household,No co-sponsor,4.0,Long-term fund,24.0,None,Rented housing,1.0,Skilled volunteer,1.0,No phone,Newcomer,bad
52,Points 0–199,27.0,Delayed in prior commitments,Transport (used),5965.0,Reserve: <100,>=7,1.0,Single adult,No co-sponsor,2.0,Shared tools,30.0,None,Own housing,2.0,Highly skilled / lead,1.0,Has phone,Newcomer,good
214,Points 200+,30.0,Delayed in prior commitments,Microenterprise support,1908.0,Reserve: <100,>=7,4.0,Single adult,No co-sponsor,4.0,Community plot share,66.0,None,Own housing,1.0,Highly skilled / lead,1.0,Has phone,Newcomer,bad
894,Points 0–199,36.0,Issues on prior roles,Transport (used),5800.0,Reserve: <100,1<=X<4,3.0,Single adult,No co-sponsor,4.0,Shared tools,34.0,None,Own housing,2.0,Skilled volunteer,1.0,Has phone,Newcomer,good
306,No points account,6.0,Previous roles completed,Workshop equipment,1543.0,Reserve: ≥1000,1<=X<4,4.0,Recently separated household,No co-sponsor,2.0,Community plot share,33.0,None,Own housing,1.0,Skilled volunteer,1.0,No phone,Newcomer,good
973,Points negative,24.0,All roles on time,Transport (new),1193.0,Reserve: <100,unemployed,1.0,Adult w/ dependents or shared household,Co-gardener sponsor,4.0,No tangible assets,29.0,None,Rented housing,2.0,Unemployed / non-resident unskilled,1.0,No phone,Newcomer,bad
600,No points account,24.0,Delayed in prior commitments,Microenterprise support,3863.0,Reserve: <100,1<=X<4,1.0,Single adult,No co-sponsor,2.0,No tangible assets,32.0,None,Hosted / no rent,1.0,Skilled volunteer,1.0,No phone,Newcomer,good
838,No points account,4.0,Previous roles completed,Workshop equipment,601.0,Reserve: <100,<1,1.0,Adult w/ dependents or shared household,No co-sponsor,3.0,Community plot share,23.0,None,Rented housing,1.0,Unskilled resident,2.0,No phone,Newcomer,good
611,Points negative,12.0,Previous roles completed,Shared appliances,741.0,Reserve: 100–499,unemployed,4.0,Adult w/ dependents or shared household,No co-sponsor,3.0,Long-term fund,22.0,None,Own housing,1.0,Skilled volunteer,1.0,No phone,Newcomer,bad
695,No points account,24.0,Previous roles completed,Communications equipment,2284.0,Reserve: <100,4<=X<7,4.0,Single adult,No co-sponsor,2.0,Shared tools,28.0,None,Own housing,1.0,Skilled volunteer,1.0,Has phone,Newcomer,good
751,Points negative,6.0,Previous roles completed,Workshop equipment,428.0,Reserve: <100,>=7,2.0,Adult w/ dependents or shared household,No co-sponsor,1.0,Long-term fund,49.0,Partner bank,Own housing,1.0,Skilled volunteer,1.0,Has phone,Newcomer,good
851,Points negative,20.0,Issues on prior roles,Transport (new),2235.0,Reserve: <100,1<=X<4,4.0,Committed/shared household,Mentor sponsor,2.0,Long-term fund,33.0,Partner bank,Rented housing,2.0,Skilled volunteer,1.0,No phone,Local resident,bad
970,Points negative,11.0,Issues on prior roles,Transport (new),3939.0,Reserve: <100,1<=X<4,1.0,Single adult,No co-sponsor,2.0,Community plot share,40.0,None,Own housing,2.0,Unskilled resident,2.0,No phone,Newcomer,good
34,No points account,12.0,Issues on prior roles,Microenterprise support,1264.0,No reserve,>=7,4.0,Single adult,No co-sponsor,4.0,No tangible assets,57.0,None,Rented housing,1.0,Unskilled resident,1.0,No phone,Newcomer,good
504,Points 0–199,24.0,Issues on prior roles,Communications equipment,1216.0,Reserve: 100–499,<1,4.0,Single adult,No co-sponsor,4.0,No tangible assets,38.0,Partner bank,Own housing,2.0,Skilled volunteer,2.0,No phone,Newcomer,bad
475,Points 0–199,18.0,Issues on prior roles,Communications equipment,1245.0,Reserve: <100,1<=X<4,4.0,Committed/shared household,No co-sponsor,2.0,Shared tools,33.0,None,Own housing,1.0,Skilled volunteer,1.0,No phone,Newcomer,bad
468,No points account,48.0,Delayed in prior commitments,Communications equipment,7238.0,No reserve,>=7,3.0,Single adult,No co-sponsor,3.0,Shared tools,32.0,Partner bank,Own housing,2.0,Skilled volunteer,2.0,No phone,Newcomer,good
463,Points 0–199,12.0,Previous roles completed,Workshop equipment,3017.0,Reserve: <100,<1,3.0,Adult w/ dependents or shared household,No co-sponsor,1.0,Community plot share,34.0,None,Rented housing,1.0,Highly skilled / lead,1.0,No phone,Newcomer,good
425,Points 0–199,12.0,Previous roles completed,Workshop equipment,2762.0,No reserve,>=7,1.0,Adult w/ dependents or shared household,No co-sponsor,2.0,Long-term fund,25.0,Partner bank,Own housing,1.0,Skilled volunteer,1.0,Has phone,Newcomer,bad
268,No points account,24.0,Previous roles completed,Communications equipment,1533.0,Reserve: <100,<1,4.0,Adult w/ dependents or shared household,No co-sponsor,3.0,Shared tools,38.0,Partner stores,Own housing,1.0,Skilled volunteer,1.0,Has phone,Newcomer,good
685,Points 0–199,36.0,Delayed in prior commitments,Microenterprise support,9857.0,Reserve: 100–499,4<=X<7,1.0,Single adult,No co-sponsor,3.0,Long-term fund,31.0,None,Own housing,2.0,Unskilled resident,2.0,Has phone,Newcomer,good
865,No points account,10.0,Previous roles completed,Workshop equipment,2210.0,Reserve: <100,1<=X<4,2.0,Single adult,No co-sponsor,2.0,Community plot share,25.0,Partner bank,Rented housing,1.0,Unskilled resident,1.0,No phone,Newcomer,bad
951,Points 0–199,18.0,Issues on prior roles,Microenterprise support,3590.0,Reserve: <100,unemployed,3.0,Committed/shared household,No co-sponsor,3.0,Shared tools,40.0,None,Own housing,3.0,Unemployed / non-resident unskilled,2.0,Has phone,Newcomer,good
59,Points 200+,18.0,Previous roles completed,Transport (new),1961.0,Reserve: <100,>=7,3.0,Adult w/ dependents or shared household,No co-sponsor,2.0,Shared tools,23.0,None,Own housing,1.0,Highly skilled / lead,1.0,No phone,Newcomer,good
379,Points 0–199,36.0,Previous roles completed,Transport (new),14318.0,Reserve: <100,>=7,4.0,Single adult,No co-sponsor,2.0,No tangible assets,57.0,None,Hosted / no rent,1.0,Highly skilled / lead,1.0,Has phone,Newcomer,bad
78,Points 0–199,11.0,Delayed in prior commitments,Communications equipment,4771.0,Reserve: <100,4<=X<7,2.0,Single adult,No co-sponsor,4.0,Long-term fund,51.0,None,Own housing,1.0,Skilled volunteer,1.0,No phone,Newcomer,good
452,No points account,6.0,Previous roles completed,Communications equipment,518.0,Reserve: <100,1<=X<4,3.0,Adult w/ dependents or shared household,No co-sponsor,1.0,Community plot share,29.0,None,Own housing,1.0,Skilled volunteer,1.0,No phone,Newcomer,good
13,Points 0–199,12.0,Previous roles completed,Communications equipment,1567.0,Reserve: <100,1<=X<4,1.0,Adult w/ dependents or shared household,No co-sponsor,1.0,Shared tools,22.0,None,Own housing,1.0,Skilled volunteer,1.0,Has phone,Newcomer,good
569,Points 0–199,48.0,Previous roles completed,Communications equipment,3979.0,No reserve,4<=X<7,4.0,Single adult,No co-sponsor,1.0,Shared tools,41.0,None,Own housing,2.0,Skilled volunteer,2.0,Has phone,Newcomer,good
213,Points negative,27.0,No prior roles / all on time,Microenterprise support,5293.0,Reserve: <100,unemployed,2.0,Single adult,No co-sponsor,4.0,Long-term fund,50.0,Partner stores,Own housing,2.0,Skilled volunteer,1.0,Has phone,Newcomer,bad
323,Points negative,24.0,Previous roles completed,Transport (used),2910.0,Reserve: <100,4<=X<7,2.0,Single adult,No co-sponsor,1.0,No tangible assets,34.0,None,Hosted / no rent,1.0,Highly skilled / lead,1.0,Has phone,Newcomer,good
651,Points negative,48.0,Previous roles completed,Training / education,7476.0,Reserve: <100,4<=X<7,4.0,Single adult,No co-sponsor,1.0,No tangible assets,50.0,None,Hosted / no rent,1.0,Highly skilled / lead,1.0,Has phone,Newcomer,good
292,Points 0–199,36.0,Previous roles completed,Transport (used),9398.0,Reserve: <100,<1,1.0,Committed/shared household,No co-sponsor,4.0,Shared tools,28.0,None,Rented housing,1.0,Highly skilled / lead,1.0,Has phone,Newcomer,bad
38,Points 200+,18.0,Previous roles completed,Communications equipment,2100.0,Reserve: <100,1<=X<4,4.0,Single adult,Co-gardener sponsor,2.0,Community plot share,37.0,Partner stores,Own housing,1.0,Skilled volunteer,1.0,No phone,Newcomer,bad
914,No points account,11.0,Previous roles completed,Microenterprise support,2142.0,Reserve: ≥1000,>=7,1.0,Recently separated household,No co-sponsor,2.0,Community plot share,28.0,None,Own housing,1.0,Skilled volunteer,1.0,Has phone,Newcomer,good
398,Points negative,36.0,Issues on prior roles,Workshop equipment,2348.0,Reserve: <100,1<=X<4,3.0,Committed/shared household,No co-sponsor,2.0,Long-term fund,46.0,None,Own housing,2.0,Skilled volunteer,1.0,Has phone,Newcomer,good
279,No points account,6.0,Previous roles completed,Workshop equipment,4611.0,Reserve: <100,<1,1.0,Adult w/ dependents or shared household,No co-sponsor,4.0,Long-term fund,32.0,None,Own housing,1.0,Skilled volunteer,1.0,No phone,Newcomer,bad
272,No points account,12.0,Issues on prior roles,Workshop equipment,1402.0,Reserve: 500–999,4<=X<7,3.0,Adult w/ dependents or shared household,No co-sponsor,4.0,Shared tools,37.0,None,Rented housing,1.0,Skilled volunteer,1.0,Has phone,Newcomer,good
793,No points account,6.0,Issues on prior roles,Workshop equipment,1221.0,No reserve,1<=X<4,1.0,Committed/shared household,No co-sponsor,2.0,Long-term fund,27.0,None,Own housing,2.0,Skilled volunteer,1.0,No phone,Newcomer,good
848,No points account,24.0,Previous roles completed,Transport (new),1249.0,Reserve: <100,<1,4.0,Committed/shared household,No co-sponsor,2.0,Community plot share,28.0,None,Own housing,1.0,Skilled volunteer,1.0,No phone,Newcomer,good
37,No points account,48.0,Issues on prior roles,Training / education,6110.0,Reserve: <100,1<=X<4,1.0,Single adult,No co-sponsor,3.0,No tangible assets,31.0,Partner bank,Hosted / no rent,1.0,Skilled volunteer,1.0,Has phone,Newcomer,good
581,Points 0–199,18.0,Issues on prior roles,Transport (new),1056.0,Reserve: <100,>=7,3.0,Single adult,Mentor sponsor,3.0,Community plot share,30.0,Partner bank,Own housing,2.0,Skilled volunteer,1.0,No phone,Newcomer,bad
6,No points account,36.0,Previous roles completed,Training / education,9055.0,No reserve,1<=X<4,2.0,Single adult,No co-sponsor,4.0,No tangible assets,35.0,None,Hosted / no rent,1.0,Unskilled resident,2.0,Has phone,Newcomer,good
166,No points account,6.0,Previous roles completed,Workshop equipment,2978.0,Reserve: 500–999,1<=X<4,1.0,Single adult,No co-sponsor,2.0,Shared tools,32.0,None,Own housing,1.0,Skilled volunteer,1.0,Has phone,Newcomer,good
837,No points account,12.0,Previous roles completed,Communications equipment,886.0,No reserve,1<=X<4,4.0,Adult w/ dependents or shared household,No co-sponsor,2.0,Shared tools,21.0,None,Own housing,1.0,Skilled volunteer,1.0,No phone,Newcomer,good
662,Points negative,12.0,Previous roles completed,Transport (new),900.0,No reserve,1<=X<4,4.0,Committed/shared household,No co-sponsor,2.0,Shared tools,23.0,None,Own housing,1.0,Skilled volunteer,1.0,No phone,Newcomer,bad
136,No points account,12.0,Issues on prior roles,Communications equipment,1240.0,No reserve,>=7,4.0,Adult w/ dependents or shared household,No co-sponsor,2.0,Community plot share,38.0,None,Own housing,2.0,Skilled volunteer,1.0,Has phone,Newcomer,good
495,Points negative,12.0,Issues on prior roles,Transport (new),2122.0,Reserve: <100,1<=X<4,3.0,Single adult,No co-sponsor,2.0,Community plot share,39.0,None,Rented housing,2.0,Unskilled resident,2.0,No phone,Local resident,good
408,Points negative,15.0,Previous roles completed,Communications equipment,1053.0,Reserve: <100,<1,4.0,Committed/shared household,No co-sponsor,2.0,Community plot share,27.0,None,Own housing,1.0,Skilled volunteer,1.0,No phone,Local resident,good
115,Points negative,12.0,Previous roles completed,Communications equipment,1680.0,Reserve: 500–999,>=7,3.0,Committed/shared household,No co-sponsor,1.0,Community plot share,35.0,None,Own housing,1.0,Skilled volunteer,1.0,No phone,Newcomer,good
858,No points account,15.0,Issues on prior roles,Workshop equipment,3343.0,Reserve: <100,1<=X<4,4.0,Single adult,No co-sponsor,2.0,No tangible assets,28.0,None,Hosted / no rent,1.0,Skilled volunteer,1.0,Has phone,Newcomer,good
627,Points 200+,6.0,Previous roles completed,Workshop equipment,2116.0,Reserve: <100,1<=X<4,2.0,Single adult,No co-sponsor,2.0,Community plot share,41.0,None,Own housing,1.0,Skilled volunteer,1.0,Has phone,Newcomer,good
459,Points negative,6.0,Previous roles completed,Shared appliances,343.0,Reserve: <100,<1,4.0,Adult w/ dependents or shared household,No co-sponsor,1.0,Community plot share,27.0,None,Own housing,1.0,Skilled volunteer,1.0,No phone,Newcomer,good
243,Points negative,48.0,No prior roles / all on time,Transport (used),4605.0,Reserve: <100,>=7,3.0,Single adult,No co-sponsor,4.0,No tangible assets,24.0,None,Hosted / no rent,2.0,Skilled volunteer,2.0,No phone,Newcomer,bad
676,No points account,30.0,Issues on prior roles,Communications equipment,4530.0,Reserve: <100,4<=X<7,4.0,Adult w/ dependents or shared household,No co-sponsor,4.0,Shared tools,26.0,None,Rented housing,1.0,Highly skilled / lead,1.0,Has phone,Newcomer,good
814,Points negative,48.0,Previous roles completed,Shared appliances,3051.0,Reserve: <100,1<=X<4,3.0,Single adult,No co-sponsor,4.0,Shared tools,54.0,None,Own housing,1.0,Skilled volunteer,1.0,No phone,Newcomer,bad
411,Points 0–199,24.0,Previous roles completed,Communications equipment,1967.0,Reserve: <100,>=7,4.0,Adult w/ dependents or shared household,No co-sponsor,4.0,Shared tools,20.0,None,Own housing,1.0,Skilled volunteer,1.0,Has phone,Newcomer,good
908,Points 0–199,36.0,Previous roles completed,Training / education,3711.0,No reserve,1<=X<4,2.0,Committed/shared household,No co-sponsor,2.0,Shared tools,27.0,None,Own housing,1.0,Skilled volunteer,1.0,No phone,Newcomer,good
36,Points 0–199,45.0,Issues on prior roles,Communications equipment,4746.0,Reserve: <100,<1,4.0,Single adult,No co-sponsor,2.0,Long-term fund,25.0,None,Own housing,2.0,Unskilled resident,1.0,No phone,Newcomer,bad
941,No points account,12.0,Previous roles completed,Transport (new),3527.0,No reserve,<1,2.0,Single adult,No co-sponsor,3.0,Long-term fund,45.0,None,Own housing,1.0,Highly skilled / lead,2.0,Has phone,Newcomer,good
603,Points 0–199,24.0,All roles on time,Training / education,1837.0,Reserve: <100,4<=X<7,4.0,Adult w/ dependents or shared household,No co-sponsor,4.0,No tangible assets,34.0,Partner bank,Hosted / no rent,1.0,Unskilled resident,1.0,No phone,Newcomer,bad
809,Points 0–199,42.0,All roles on time,Transport (used),9283.0,Reserve: <100,unemployed,1.0,Single adult,No co-sponsor,2.0,No tangible assets,55.0,Partner bank,Hosted / no rent,1.0,Highly skilled / lead,1.0,Has phone,Newcomer,good
882,No points account,24.0,Previous roles completed,Transport (used),9277.0,No reserve,1<=X<4,2.0,Recently separated household,No co-sponsor,4.0,No tangible assets,48.0,None,Hosted / no rent,1.0,Skilled volunteer,1.0,Has phone,Newcomer,good
145,No points account,21.0,Issues on prior roles,Workshop equipment,2288.0,Reserve: <100,<1,4.0,Adult w/ dependents or shared household,No co-sponsor,4.0,Long-term fund,23.0,None,Own housing,1.0,Skilled volunteer,1.0,Has phone,Newcomer,good
554,Points 0–199,12.0,Issues on prior roles,Transport (new),1995.0,Reserve: 100–499,<1,4.0,Single adult,No co-sponsor,1.0,Shared tools,27.0,None,Own housing,1.0,Skilled volunteer,1.0,No phone,Newcomer,good
601,Points 0–199,7.0,Previous roles completed,Communications equipment,2329.0,Reserve: <100,<1,1.0,Adult w/ dependents or shared household,Mentor sponsor,1.0,Community plot share,45.0,None,Own housing,1.0,Skilled volunteer,1.0,No phone,Newcomer,good
933,No points account,9.0,Issues on prior roles,Transport (new),1224.0,Reserve: <100,1<=X<4,3.0,Single adult,No co-sponsor,1.0,Community plot share,30.0,None,Own housing,2.0,Skilled volunteer,1.0,No phone,Newcomer,good
420,Points 0–199,18.0,Previous roles completed,Transport (new),1042.0,No reserve,1<=X<4,4.0,Adult w/ dependents or shared household,No co-sponsor,2.0,Long-term fund,33.0,None,Own housing,1.0,Skilled volunteer,1.0,No phone,Newcomer,bad
488,No points account,24.0,Previous roles completed,Transport (new),3757.0,Reserve: <100,>=7,4.0,Adult w/ dependents or shared household,Co-gardener sponsor,4.0,No tangible assets,62.0,None,Hosted / no rent,1.0,Skilled volunteer,1.0,Has phone,Newcomer,good
197,No points account,6.0,Issues on prior roles,Communications equipment,1382.0,Reserve: <100,1<=X<4,1.0,Adult w/ dependents or shared household,No co-sponsor,1.0,Shared tools,28.0,None,Own housing,2.0,Skilled volunteer,1.0,Has phone,Newcomer,good
423,Points 0–199,12.0,Issues on prior roles,Transport (new),958.0,Reserve: <100,4<=X<7,2.0,Single adult,No co-sponsor,3.0,Community plot share,47.0,None,Own housing,2.0,Unskilled resident,2.0,No phone,Newcomer,good
952,Points negative,36.0,Delayed in prior commitments,Microenterprise support,2145.0,Reserve: <100,4<=X<7,2.0,Single adult,No co-sponsor,1.0,Shared tools,24.0,None,Own housing,2.0,Skilled volunteer,1.0,Has phone,Newcomer,bad
494,Points 0–199,6.0,Previous roles completed,Communications equipment,368.0,No reserve,>=7,4.0,Single adult,No co-sponsor,4.0,Long-term fund,38.0,None,Own housing,1.0,Skilled volunteer,1.0,No phone,Newcomer,good
389,Points 0–199,15.0,Issues on prior roles,Microenterprise support,2326.0,Reserve: 500–999,1<=X<4,2.0,Single adult,No co-sponsor,4.0,Shared tools,27.0,Partner bank,Own housing,1.0,Skilled volunteer,1.0,No phone,Newcomer,good
988,No points account,13.0,Previous roles completed,Communications equipment,1409.0,Reserve: 100–499,unemployed,2.0,Adult w/ dependents or shared household,No co-sponsor,4.0,Community plot share,64.0,None,Own housing,1.0,Skilled volunteer,1.0,No phone,Newcomer,good
332,No points account,18.0,Issues on prior roles,Training / education,1864.0,Reserve: 100–499,1<=X<4,4.0,Adult w/ dependents or shared household,No co-sponsor,2.0,Community plot share,30.0,None,Own housing,2.0,Skilled volunteer,1.0,No phone,Newcomer,bad
498,No points account,24.0,Issues on prior roles,Workshop equipment,1585.0,Reserve: <100,4<=X<7,4.0,Single adult,No co-sponsor,3.0,Long-term fund,40.0,None,Own housing,2.0,Skilled volunteer,1.0,No phone,Newcomer,good
371,No points account,36.0,Previous roles completed,Transport (new),3079.0,No reserve,1<=X<4,4.0,Single adult,No co-sponsor,4.0,Community plot share,36.0,None,Own housing,1.0,Skilled volunteer,1.0,No phone,Newcomer,good
871,No points account,36.0,Delayed in prior commitments,Workshop equipment,7678.0,Reserve: 500–999,4<=X<7,2.0,Adult w/ dependents or shared household,No co-sponsor,4.0,Shared tools,40.0,None,Own housing,2.0,Skilled volunteer,1.0,Has phone,Newcomer,good
393,Points negative,36.0,Previous roles completed,Transport (new),3249.0,Reserve: <100,4<=X<7,2.0,Single adult,No co-sponsor,4.0,No tangible assets,39.0,Partner bank,Hosted / no rent,1.0,Highly skilled / lead,2.0,Has phone,Newcomer,good
207,No points account,12.0,Issues on prior roles,Workshop equipment,1935.0,Reserve: <100,>=7,4.0,Single adult,No co-sponsor,4.0,Community plot share,43.0,None,Own housing,3.0,Skilled volunteer,1.0,Has phone,Newcomer,good
968,No points account,15.0,Previous roles completed,Communications equipment,3568.0,Reserve: <100,>=7,4.0,Adult w/ dependents or shared household,No co-sponsor,2.0,Shared tools,54.0,Partner bank,Rented housing,1.0,Highly skilled / lead,1.0,Has phone,Newcomer,good
702,Points negative,48.0,Issues on prior roles,Transport (used),6331.0,Reserve: <100,>=7,4.0,Single adult,No co-sponsor,4.0,No tangible assets,46.0,None,Hosted / no rent,2.0,Skilled volunteer,1.0,Has phone,Newcomer,bad
953,Points 0–199,24.0,Previous roles completed,Transport (used),4113.0,Reserve: 500–999,<1,3.0,Adult w/ dependents or shared household,No co-sponsor,4.0,Shared tools,28.0,None,Rented housing,1.0,Skilled volunteer,1.0,No phone,Newcomer,bad
768,No points account,10.0,Previous roles completed,Transport (used),2901.0,No reserve,<1,1.0,Adult w/ dependents or shared household,No co-sponsor,4.0,Community plot share,31.0,None,Rented housing,1.0,Skilled volunteer,1.0,No phone,Newcomer,good
671,No points account,24.0,Issues on prior roles,Microenterprise support,4139.0,Reserve: 100–499,1<=X<4,3.0,Single adult,No co-sponsor,3.0,Long-term fund,27.0,None,Own housing,2.0,Unskilled resident,1.0,Has phone,Newcomer,good
27,No points account,6.0,No prior roles / all on time,Communications equipment,426.0,Reserve: <100,>=7,4.0,Committed/shared household,No co-sponsor,4.0,Shared tools,39.0,None,Own housing,1.0,Unskilled resident,1.0,No phone,Newcomer,good
437,No points account,6.0,Previous roles completed,Plot repairs,660.0,Reserve: 500–999,4<=X<7,2.0,Committed/shared household,No co-sponsor,4.0,Community plot share,23.0,None,Rented housing,1.0,Unskilled resident,1.0,No phone,Newcomer,good
458,Points negative,12.0,Previous roles completed,Transport (used),3386.0,Reserve: <100,>=7,3.0,Single adult,No co-sponsor,4.0,No tangible assets,35.0,None,Hosted / no rent,1.0,Skilled volunteer,1.0,Has phone,Newcomer,bad
518,No points account,36.0,Issues on prior roles,Workshop equipment,7127.0,Reserve: <100,<1,2.0,Adult w/ dependents or shared household,No co-sponsor,4.0,Long-term fund,23.0,None,Rented housing,2.0,Skilled volunteer,1.0,Has phone,Newcomer,bad
196,Points 0–199,9.0,Issues on prior roles,Training / education,1501.0,Reserve: <100,>=7,2.0,Adult w/ dependents or shared household,No co-sponsor,3.0,Shared tools,34.0,None,Own housing,2.0,Highly skilled / lead,1.0,Has phone,Newcomer,bad
720,Points 0–199,20.0,No prior roles / all on time,Transport (used),6148.0,Reserve: 100–499,>=7,3.0,Committed/shared household,No co-sponsor,4.0,Shared tools,31.0,Partner bank,Own housing,2.0,Skilled volunteer,1.0,Has phone,Newcomer,good
465,No points account,18.0,Previous roles completed,Microenterprise support,1950.0,Reserve: <100,4<=X<7,4.0,Single adult,No co-sponsor,1.0,Shared tools,34.0,Partner stores,Own housing,2.0,Skilled volunteer,1.0,Has phone,Newcomer,good
242,No points account,6.0,Previous roles completed,Communications equipment,1595.0,Reserve: <100,4<=X<7,3.0,Single adult,No co-sponsor,2.0,Long-term fund,51.0,None,Own housing,1.0,Skilled volunteer,2.0,No phone,Newcomer,good
159,Points 0–199,24.0,Previous roles completed,Transport (new),3512.0,Reserve: 100–499,4<=X<7,2.0,Single adult,No co-sponsor,3.0,Shared tools,38.0,Partner bank,Own housing,2.0,Skilled volunteer,1.0,Has phone,Newcomer,good
958,Points 0–199,9.0,Issues on prior roles,Communications equipment,1154.0,Reserve: <100,>=7,2.0,Single adult,No co-sponsor,4.0,Community plot share,37.0,None,Own housing,3.0,Unskilled resident,1.0,No phone,Newcomer,good
447,Points negative,36.0,Previous roles completed,Transport (new),1842.0,Reserve: <100,<1,4.0,Adult w/ dependents or shared household,No co-sponsor,4.0,Shared tools,34.0,None,Own housing,1.0,Skilled volunteer,1.0,Has phone,Newcomer,bad
610,No points account,15.0,Previous roles completed,Transport (used),1300.0,No reserve,>=7,4.0,Single adult,No co-sponsor,4.0,No tangible assets,45.0,Partner bank,Hosted / no rent,1.0,Skilled volunteer,2.0,No phone,Newcomer,good
109,Points negative,24.0,Previous roles completed,Workshop equipment,7721.0,No reserve,<1,1.0,Adult w/ dependents or shared household,No co-sponsor,2.0,Long-term fund,30.0,None,Own housing,1.0,Skilled volunteer,1.0,Has phone,Local resident,good
10,Points 0–199,30.0,Issues on prior roles,Transport (new),5234.0,Reserve: <100,unemployed,4.0,Committed/shared household,No co-sponsor,2.0,Shared tools,28.0,None,Own housing,2.0,Highly skilled / lead,1.0,No phone,Newcomer,bad
963,No points account,15.0,Previous roles completed,Transport (new),3556.0,No reserve,1<=X<4,3.0,Single adult,No co-sponsor,2.0,No tangible assets,29.0,None,Own housing,1.0,Skilled volunteer,1.0,No phone,Newcomer,good
626,No points account,15.0,Previous roles completed,Communications equipment,1979.0,No reserve,>=7,4.0,Single adult,No co-sponsor,2.0,Shared tools,35.0,None,Own housing,1.0,Skilled volunteer,1.0,No phone,Newcomer,good
769,Points 0–199,12.0,Issues on prior roles,Workshop equipment,3617.0,Reserve: <100,>=7,1.0,Single adult,No co-sponsor,4.0,Shared tools,28.0,None,Rented housing,3.0,Skilled volunteer,1.0,Has phone,Newcomer,good
721,Points 200+,9.0,No prior roles / all on time,Communications equipment,1337.0,Reserve: <100,<1,4.0,Single adult,No co-sponsor,2.0,Shared tools,34.0,None,Own housing,2.0,Highly skilled / lead,1.0,Has phone,Newcomer,bad
526,Points 0–199,26.0,Previous roles completed,Transport (used),7966.0,Reserve: <100,<1,2.0,Single adult,No co-sponsor,3.0,Shared tools,30.0,None,Own housing,2.0,Skilled volunteer,1.0,No phone,Newcomer,good
674,No points account,6.0,Issues on prior roles,Transport (new),2080.0,Reserve: 500–999,1<=X<4,1.0,Committed/shared household,No co-sponsor,2.0,Shared tools,24.0,None,Own housing,1.0,Skilled volunteer,1.0,No phone,Newcomer,good
680,No points account,18.0,Previous roles completed,Communications equipment,1453.0,Reserve: <100,<1,3.0,Adult w/ dependents or shared household,No co-sponsor,1.0,Community plot share,26.0,None,Own housing,1.0,Skilled volunteer,1.0,No phone,Newcomer,good
190,Points 0–199,18.0,No prior roles / all on time,Workshop equipment,3244.0,Reserve: <100,1<=X<4,1.0,Adult w/ dependents or shared household,No co-sponsor,4.0,Shared tools,33.0,Partner bank,Own housing,2.0,Skilled volunteer,1.0,Has phone,Newcomer,good
153,Points 200+,36.0,Previous roles completed,Communications equipment,5848.0,Reserve: <100,1<=X<4,4.0,Single adult,No co-sponsor,1.0,Shared tools,24.0,None,Own housing,1.0,Skilled volunteer,1.0,No phone,Newcomer,good
591,Points negative,12.0,Issues on prior roles,Communications equipment,385.0,Reserve: <100,4<=X<7,4.0,Adult w/ dependents or shared household,No co-sponsor,3.0,Community plot share,58.0,None,Own housing,4.0,Unskilled resident,1.0,Has phone,Newcomer,good
602,Points 0–199,9.0,Previous roles completed,Workshop equipment,918.0,Reserve: <100,1<=X<4,4.0,Adult w/ dependents or shared household,No co-sponsor,1.0,Long-term fund,30.0,None,Own housing,1.0,Skilled volunteer,1.0,No phone,Newcomer,bad
133,No points account,15.0,Previous roles completed,Workshop equipment,2708.0,Reserve: <100,<1,2.0,Single adult,No co-sponsor,3.0,Long-term fund,27.0,Partner bank,Own housing,2.0,Unskilled resident,1.0,No phone,Newcomer,good
530,Points negative,6.0,Previous roles completed,Transport (new),662.0,Reserve: <100,<1,3.0,Single adult,No co-sponsor,4.0,Community plot share,41.0,None,Own housing,1.0,Unskilled resident,2.0,Has phone,Newcomer,good
567,Points negative,12.0,Previous roles completed,Transport (new),1372.0,Reserve: <100,4<=X<7,2.0,Recently separated household,No co-sponsor,3.0,Shared tools,36.0,None,Own housing,1.0,Skilled volunteer,1.0,No phone,Newcomer,bad
889,No points account,36.0,Issues on prior roles,Transport (new),6614.0,Reserve: <100,>=7,4.0,Single adult,No co-sponsor,4.0,Shared tools,34.0,None,Own housing,2.0,Highly skilled / lead,1.0,Has phone,Newcomer,good
790,Points negative,40.0,Issues on prior roles,Training / education,5998.0,Reserve: <100,1<=X<4,4.0,Single adult,No co-sponsor,3.0,No tangible assets,27.0,Partner bank,Own housing,1.0,Skilled volunteer,1.0,Has phone,Newcomer,bad
731,Points 0–199,24.0,Delayed in prior commitments,Communications equipment,6403.0,Reserve: <100,<1,1.0,Single adult,No co-sponsor,2.0,Shared tools,33.0,None,Own housing,1.0,Skilled volunteer,1.0,No phone,Newcomer,good
20,No points account,24.0,Previous roles completed,Communications equipment,3430.0,Reserve: 500–999,>=7,3.0,Single adult,No co-sponsor,2.0,Shared tools,31.0,None,Own housing,1.0,Skilled volunteer,2.0,Has phone,Newcomer,good
713,No points account,21.0,Previous roles completed,Transport (used),2476.0,No reserve,>=7,4.0,Single adult,No co-sponsor,4.0,Community plot share,46.0,None,Own housing,1.0,Highly skilled / lead,1.0,Has phone,Newcomer,good
694,Points negative,6.0,Issues on prior roles,Transport (new),4716.0,No reserve,<1,1.0,Single adult,No co-sponsor,3.0,Community plot share,44.0,None,Own housing,2.0,Unskilled resident,2.0,No phone,Newcomer,good
366,No points account,12.0,Previous roles completed,Microenterprise support,1542.0,Reserve: <100,4<=X<7,2.0,Single adult,No co-sponsor,4.0,Shared tools,36.0,None,Own housing,1.0,Skilled volunteer,1.0,Has phone,Newcomer,good
717,No points account,30.0,Issues on prior roles,Communications equipment,3077.0,No reserve,>=7,3.0,Single adult,No co-sponsor,2.0,Shared tools,40.0,None,Own housing,2.0,Skilled volunteer,2.0,Has phone,Newcomer,good
587,Points negative,9.0,Issues on prior roles,Transport (new),2799.0,Reserve: <100,1<=X<4,2.0,Single adult,No co-sponsor,2.0,Community plot share,36.0,None,Rented housing,2.0,Skilled volunteer,2.0,No phone,Newcomer,good
342,Points negative,21.0,Previous roles completed,Workshop equipment,3599.0,Reserve: <100,4<=X<7,1.0,Adult w/ dependents or shared household,No co-sponsor,4.0,Shared tools,26.0,None,Rented housing,1.0,Unskilled resident,1.0,No phone,Newcomer,good
631,Points negative,24.0,Previous roles completed,Communications equipment,3660.0,Reserve: <100,1<=X<4,2.0,Adult w/ dependents or shared household,No co-sponsor,4.0,Shared tools,28.0,None,Own housing,1.0,Skilled volunteer,1.0,No phone,Newcomer,good
17,No points account,24.0,Issues on prior roles,Communications equipment,2424.0,No reserve,>=7,4.0,Single adult,No co-sponsor,4.0,Long-term fund,53.0,None,Own housing,2.0,Skilled volunteer,1.0,No phone,Newcomer,good
15,Points negative,15.0,Previous roles completed,Transport (new),1403.0,Reserve: <100,1<=X<4,2.0,Adult w/ dependents or shared household,No co-sponsor,4.0,Shared tools,28.0,None,Rented housing,1.0,Skilled volunteer,1.0,No phone,Newcomer,good
616,Points 0–199,48.0,No prior roles / all on time,Microenterprise support,12204.0,No reserve,1<=X<4,2.0,Single adult,No co-sponsor,2.0,Shared tools,48.0,Partner bank,Own housing,1.0,Highly skilled / lead,1.0,Has phone,Newcomer,good
816,Points 0–199,36.0,Delayed in prior commitments,Transport (new),7432.0,Reserve: <100,1<=X<4,2.0,Adult w/ dependents or shared household,No co-sponsor,2.0,Long-term fund,54.0,None,Rented housing,1.0,Skilled volunteer,1.0,No phone,Newcomer,good
559,Points negative,24.0,All roles on time,Workshop equipment,3552.0,Reserve: <100,4<=X<7,3.0,Single adult,No co-sponsor,4.0,Shared tools,27.0,Partner bank,Own housing,1.0,Skilled volunteer,1.0,No phone,Newcomer,bad
178,Points negative,6.0,Issues on prior roles,Communications equipment,338.0,Reserve: 500–999,>=7,4.0,Single adult,No co-sponsor,4.0,Shared tools,52.0,None,Own housing,2.0,Skilled volunteer,1.0,No phone,Newcomer,good
244,No points account,12.0,Issues on prior roles,Microenterprise support,1185.0,Reserve: <100,1<=X<4,3.0,Adult w/ dependents or shared household,No co-sponsor,2.0,Community plot share,27.0,None,Own housing,2.0,Skilled volunteer,1.0,No phone,Newcomer,good
977,Points 0–199,6.0,Previous roles completed,Communications equipment,753.0,Reserve: <100,1<=X<4,2.0,Adult w/ dependents or shared household,Mentor sponsor,3.0,Community plot share,64.0,None,Own housing,1.0,Skilled volunteer,1.0,No phone,Newcomer,good
69,No points account,36.0,Previous roles completed,Training / education,1819.0,Reserve: <100,1<=X<4,4.0,Single adult,No co-sponsor,4.0,No tangible assets,37.0,Partner stores,Hosted / no rent,1.0,Skilled volunteer,1.0,Has phone,Newcomer,bad
316,Points negative,36.0,All roles on time,Workshop equipment,2746.0,Reserve: <100,>=7,4.0,Single adult,No co-sponsor,4.0,Shared tools,31.0,Partner bank,Own housing,1.0,Skilled volunteer,1.0,No phone,Newcomer,bad
435,Points negative,9.0,Previous roles completed,Workshop equipment,2136.0,Reserve: <100,1<=X<4,3.0,Single adult,No co-sponsor,2.0,Community plot share,25.0,None,Own housing,1.0,Skilled volunteer,1.0,No phone,Newcomer,good
470,No points account,24.0,Delayed in prior commitments,Transport (used),4679.0,Reserve: <100,4<=X<7,3.0,Single adult,No co-sponsor,3.0,Shared tools,35.0,None,Own housing,2.0,Unskilled resident,1.0,Has phone,Newcomer,good
83,No points account,18.0,Previous roles completed,Microenterprise support,1568.0,Reserve: 100–499,1<=X<4,3.0,Adult w/ dependents or shared household,No co-sponsor,4.0,Long-term fund,24.0,None,Rented housing,1.0,Unskilled resident,1.0,No phone,Newcomer,good
754,No points account,30.0,Issues on prior roles,Communications equipment,5771.0,Reserve: <100,4<=X<7,4.0,Adult w/ dependents or shared household,No co-sponsor,2.0,Shared tools,25.0,None,Own housing,2.0,Skilled volunteer,1.0,No phone,Newcomer,good
226,No points account,36.0,No prior roles / all on time,Plot repairs,2613.0,Reserve: <100,1<=X<4,4.0,Single adult,No co-sponsor,2.0,Shared tools,27.0,None,Own housing,2.0,Skilled volunteer,1.0,No phone,Newcomer,good
992,No points account,15.0,All roles on time,Communications equipment,1569.0,Reserve: 100–499,>=7,4.0,Single adult,No co-sponsor,4.0,Shared tools,34.0,Partner bank,Own housing,1.0,Unskilled resident,2.0,No phone,Newcomer,good
410,Points 200+,12.0,Issues on prior roles,Transport (new),939.0,Reserve: 500–999,4<=X<7,4.0,Committed/shared household,No co-sponsor,2.0,Community plot share,28.0,None,Own housing,3.0,Skilled volunteer,1.0,Has phone,Newcomer,bad
280,No points account,24.0,Previous roles completed,Communications equipment,1901.0,Reserve: 100–499,1<=X<4,4.0,Single adult,No co-sponsor,4.0,Shared tools,29.0,None,Rented housing,1.0,Highly skilled / lead,1.0,Has phone,Newcomer,good
930,Points negative,12.0,Delayed in prior commitments,Transport (new),1344.0,Reserve: <100,1<=X<4,4.0,Single adult,No co-sponsor,2.0,Community plot share,43.0,None,Own housing,2.0,Unskilled resident,2.0,No phone,Newcomer,good
646,No points account,36.0,Delayed in prior commitments,Microenterprise support,7980.0,No reserve,<1,4.0,Single adult,No co-sponsor,4.0,Shared tools,27.0,None,Rented housing,2.0,Skilled volunteer,1.0,Has phone,Newcomer,bad
276,No points account,9.0,Previous roles completed,Communications equipment,2697.0,Reserve: <100,1<=X<4,1.0,Single adult,No co-sponsor,2.0,Community plot share,32.0,None,Own housing,1.0,Skilled volunteer,2.0,No phone,Newcomer,good
451,No points account,36.0,Issues on prior roles,Transport (used),11054.0,No reserve,1<=X<4,4.0,Single adult,No co-sponsor,2.0,Shared tools,30.0,None,Own housing,1.0,Highly skilled / lead,1.0,Has phone,Newcomer,good
485,No points account,12.0,Issues on prior roles,Transport (new),1163.0,Reserve: 500–999,1<=X<4,4.0,Single adult,No co-sponsor,4.0,Community plot share,44.0,None,Own housing,1.0,Skilled volunteer,1.0,Has phone,Newcomer,good
870,Points negative,12.0,Previous roles completed,Workshop equipment,652.0,Reserve: <100,>=7,4.0,Adult w/ dependents or shared household,No co-sponsor,4.0,Long-term fund,24.0,None,Rented housing,1.0,Skilled volunteer,1.0,No phone,Newcomer,good
317,Points negative,12.0,Previous roles completed,Workshop equipment,708.0,Reserve: <100,1<=X<4,2.0,Single adult,Mentor sponsor,3.0,Long-term fund,38.0,None,Own housing,1.0,Unskilled resident,2.0,No phone,Newcomer,good
81,No points account,24.0,Previous roles completed,Communications equipment,5943.0,No reserve,<1,1.0,Adult w/ dependents or shared household,No co-sponsor,1.0,Shared tools,44.0,None,Own housing,2.0,Skilled volunteer,1.0,Has phone,Newcomer,bad
540,Points 200+,18.0,Previous roles completed,Workshop equipment,3049.0,Reserve: <100,<1,1.0,Adult w/ dependents or shared household,No co-sponsor,1.0,Long-term fund,45.0,Partner stores,Own housing,1.0,Unskilled resident,1.0,No phone,Newcomer,good
250,No points account,18.0,Previous roles completed,Communications equipment,433.0,Reserve: <100,unemployed,3.0,Adult w/ dependents or shared household,Co-gardener sponsor,4.0,Community plot share,22.0,None,Rented housing,1.0,Skilled volunteer,1.0,No phone,Newcomer,bad
661,Points 200+,12.0,Previous roles completed,Communications equipment,1297.0,Reserve: <100,1<=X<4,3.0,Committed/shared household,No co-sponsor,4.0,Community plot share,23.0,None,Rented housing,1.0,Skilled volunteer,1.0,No phone,Newcomer,good
253,Points 0–199,30.0,Previous roles completed,Transport (new),2150.0,Reserve: <100,1<=X<4,4.0,Adult w/ dependents or shared household,Mentor sponsor,2.0,No tangible assets,24.0,Partner bank,Own housing,1.0,Skilled volunteer,1.0,No phone,Newcomer,bad
35,Points 200+,12.0,Previous roles completed,Workshop equipment,1474.0,Reserve: <100,<1,4.0,Adult w/ dependents or shared household,No co-sponsor,1.0,Long-term fund,33.0,Partner bank,Own housing,1.0,Highly skilled / lead,1.0,Has phone,Newcomer,good
291,No points account,12.0,Previous roles completed,Microenterprise support,1076.0,Reserve: <100,1<=X<4,2.0,Committed/shared household,No co-sponsor,2.0,Community plot share,26.0,None,Own housing,1.0,Skilled volunteer,1.0,Has phone,Local resident,good
184,No points account,24.0,Issues on prior roles,Workshop equipment,3777.0,Reserve: ≥1000,1<=X<4,4.0,Single adult,No co-sponsor,4.0,Community plot share,50.0,None,Own housing,1.0,Skilled volunteer,1.0,Has phone,Newcomer,good
516,Points negative,6.0,Issues on prior roles,Transport (new),609.0,Reserve: <100,4<=X<7,4.0,Adult w/ dependents or shared household,No co-sponsor,3.0,Long-term fund,37.0,None,Own housing,2.0,Skilled volunteer,1.0,No phone,Local resident,good
89,Points negative,18.0,Previous roles completed,Transport (new),2249.0,Reserve: 100–499,4<=X<7,4.0,Single adult,No co-sponsor,3.0,Shared tools,30.0,None,Own housing,1.0,Highly skilled / lead,2.0,Has phone,Newcomer,good
864,No points account,27.0,Issues on prior roles,Workshop equipment,4526.0,Reserve: ≥1000,<1,4.0,Single adult,No co-sponsor,2.0,Community plot share,32.0,Partner stores,Own housing,2.0,Unskilled resident,2.0,Has phone,Newcomer,good
404,No points account,14.0,Delayed in prior commitments,Transport (new),802.0,Reserve: <100,1<=X<4,4.0,Single adult,No co-sponsor,2.0,Shared tools,27.0,None,Own housing,2.0,Unskilled resident,1.0,No phone,Newcomer,good
144,Points negative,18.0,Previous roles completed,Workshop equipment,2462.0,Reserve: <100,1<=X<4,2.0,Single adult,No co-sponsor,2.0,Shared tools,22.0,None,Own housing,1.0,Skilled volunteer,1.0,No phone,Newcomer,bad
249,Points 200+,24.0,Previous roles completed,Workshop equipment,1925.0,Reserve: <100,1<=X<4,2.0,Single adult,No co-sponsor,2.0,Community plot share,26.0,None,Own housing,1.0,Skilled volunteer,1.0,No phone,Newcomer,good
906,Points negative,12.0,Previous roles completed,Communications equipment,1107.0,Reserve: <100,1<=X<4,2.0,Single adult,No co-sponsor,2.0,Community plot share,20.0,None,Rented housing,1.0,Highly skilled / lead,2.0,Has phone,Newcomer,good
840,No points account,24.0,Issues on prior roles,Communications equipment,2611.0,Reserve: <100,>=7,4.0,Committed/shared household,Co-gardener sponsor,3.0,Community plot share,46.0,None,Own housing,2.0,Skilled volunteer,1.0,No phone,Newcomer,good
576,No points account,15.0,Issues on prior roles,Workshop equipment,2788.0,Reserve: <100,4<=X<7,2.0,Adult w/ dependents or shared household,Co-gardener sponsor,3.0,Shared tools,24.0,Partner bank,Own housing,2.0,Skilled volunteer,1.0,No phone,Newcomer,good
33,Points 0–199,18.0,Previous roles completed,Transport (new),5866.0,Reserve: 100–499,1<=X<4,2.0,Single adult,No co-sponsor,2.0,Shared tools,30.0,None,Own housing,2.0,Skilled volunteer,1.0,Has phone,Newcomer,good
72,No points account,7.0,Issues on prior roles,Communications equipment,730.0,No reserve,>=7,4.0,Single adult,No co-sponsor,2.0,Long-term fund,46.0,None,Rented housing,2.0,Unskilled resident,1.0,Has phone,Newcomer,good
862,No points account,18.0,Delayed in prior commitments,Microenterprise support,2169.0,Reserve: <100,1<=X<4,4.0,Committed/shared household,No co-sponsor,2.0,Shared tools,28.0,None,Own housing,1.0,Skilled volunteer,1.0,Has phone,Newcomer,bad
709,Points 0–199,9.0,Previous roles completed,Communications equipment,1206.0,Reserve: <100,>=7,4.0,Adult w/ dependents or shared household,No co-sponsor,4.0,Community plot share,25.0,None,Own housing,1.0,Skilled volunteer,1.0,No phone,Newcomer,good
223,No points account,12.0,Previous roles completed,Communications equipment,707.0,Reserve: <100,1<=X<4,4.0,Single adult,No co-sponsor,2.0,Community plot share,30.0,Partner bank,Own housing,2.0,Skilled volunteer,1.0,No phone,Newcomer,good
799,No points account,24.0,Delayed in prior commitments,Transport (new),717.0,No reserve,>=7,4.0,Committed/shared household,No co-sponsor,4.0,Shared tools,54.0,None,Own housing,2.0,Skilled volunteer,1.0,Has phone,Newcomer,good
94,Points 200+,24.0,Issues on prior roles,Workshop equipment,3617.0,No reserve,>=7,4.0,Single adult,Co-gardener sponsor,4.0,No tangible assets,20.0,None,Rented housing,2.0,Skilled volunteer,1.0,No phone,Newcomer,good
50,No points account,12.0,Previous roles completed,Communications equipment,2073.0,Reserve: 100–499,1<=X<4,4.0,Adult w/ dependents or shared household,Co-gardener sponsor,2.0,Community plot share,28.0,None,Own housing,1.0,Skilled volunteer,1.0,No phone,Newcomer,good
91,No points account,12.0,Issues on prior roles,Communications equipment,618.0,Reserve: <100,>=7,4.0,Single adult,No co-sponsor,4.0,Community plot share,56.0,None,Own housing,1.0,Skilled volunteer,1.0,No phone,Newcomer,good
691,Points negative,15.0,Issues on prior roles,Workshop equipment,975.0,Reserve: <100,1<=X<4,2.0,Recently separated household,No co-sponsor,3.0,Long-term fund,25.0,None,Own housing,2.0,Skilled volunteer,1.0,No phone,Newcomer,good
996,No points account,12.0,Previous roles completed,Workshop equipment,1736.0,Reserve: <100,4<=X<7,3.0,Adult w/ dependents or shared household,No co-sponsor,4.0,Community plot share,31.0,None,Own housing,1.0,Unskilled resident,1.0,No phone,Newcomer,good
923,Points negative,9.0,Previous roles completed,Communications equipment,1366.0,Reserve: <100,<1,3.0,Adult w/ dependents or shared household,No co-sponsor,4.0,Long-term fund,22.0,None,Rented housing,1.0,Skilled volunteer,1.0,No phone,Newcomer,bad
893,Points negative,12.0,Issues on prior roles,Transport (new),2171.0,Reserve: <100,1<=X<4,4.0,Single adult,No co-sponsor,4.0,Long-term fund,38.0,Partner bank,Own housing,2.0,Unskilled resident,1.0,No phone,Local resident,good
267,No points account,36.0,Issues on prior roles,Microenterprise support,6304.0,No reserve,>=7,4.0,Single adult,No co-sponsor,4.0,Community plot share,36.0,None,Own housing,2.0,Skilled volunteer,1.0,No phone,Newcomer,good
177,Points negative,12.0,Previous roles completed,Workshop equipment,2577.0,Reserve: <100,1<=X<4,2.0,Recently separated household,No co-sponsor,1.0,Shared tools,42.0,None,Own housing,1.0,Skilled volunteer,1.0,No phone,Newcomer,good
578,No points account,24.0,Issues on prior roles,Training / education,1927.0,No reserve,1<=X<4,3.0,Adult w/ dependents or shared household,No co-sponsor,2.0,Shared tools,33.0,None,Own housing,2.0,Skilled volunteer,1.0,Has phone,Newcomer,good
913,Points 0–199,30.0,Previous roles completed,Communications equipment,2991.0,No reserve,>=7,2.0,Adult w/ dependents or shared household,No co-sponsor,4.0,Shared tools,25.0,None,Own housing,1.0,Skilled volunteer,1.0,No phone,Newcomer,good
887,Points 0–199,24.0,Issues on prior roles,Microenterprise support,2825.0,No reserve,4<=X<7,4.0,Single adult,No co-sponsor,3.0,No tangible assets,34.0,None,Own housing,2.0,Skilled volunteer,2.0,Has phone,Newcomer,good
500,Points 200+,6.0,Issues on prior roles,Transport (new),1323.0,Reserve: 100–499,>=7,2.0,Recently separated household,No co-sponsor,4.0,Shared tools,28.0,None,Own housing,2.0,Skilled volunteer,2.0,Has phone,Newcomer,good
327,No points account,12.0,Issues on prior roles,Workshop equipment,5801.0,No reserve,>=7,2.0,Single adult,No co-sponsor,4.0,Long-term fund,49.0,None,Rented housing,1.0,Skilled volunteer,1.0,Has phone,Newcomer,good
787,No points account,22.0,Previous roles completed,Communications equipment,2675.0,Reserve: 500–999,>=7,3.0,Single adult,No co-sponsor,4.0,Shared tools,40.0,None,Own housing,1.0,Skilled volunteer,1.0,No phone,Newcomer,good
286,Points negative,47.0,Previous roles completed,Transport (new),10722.0,Reserve: <100,<1,1.0,Adult w/ dependents or shared household,No co-sponsor,1.0,Community plot share,35.0,None,Own housing,1.0,Unskilled resident,1.0,Has phone,Newcomer,good
87,Points 0–199,18.0,Issues on prior roles,Workshop equipment,1295.0,Reserve: <100,<1,4.0,Adult w/ dependents or shared household,No co-sponsor,1.0,Long-term fund,27.0,None,Own housing,2.0,Skilled volunteer,1.0,No phone,Newcomer,good
782,No points account,24.0,Issues on prior roles,Transport (new),1940.0,Reserve: ≥1000,>=7,4.0,Single adult,No co-sponsor,4.0,Community plot share,60.0,None,Own housing,1.0,Skilled volunteer,1.0,Has phone,Newcomer,good
645,Points negative,18.0,Issues on prior roles,Communications equipment,1880.0,Reserve: <100,4<=X<7,4.0,Committed/shared household,No co-sponsor,1.0,Long-term fund,32.0,None,Own housing,2.0,Highly skilled / lead,1.0,Has phone,Newcomer,good
74,Points 0–199,42.0,Issues on prior roles,Microenterprise support,5954.0,Reserve: <100,4<=X<7,2.0,Adult w/ dependents or shared household,No co-sponsor,1.0,Community plot share,41.0,Partner bank,Own housing,2.0,Unskilled resident,1.0,No phone,Newcomer,good
885,Points 0–199,24.0,Previous roles completed,Workshop equipment,4057.0,Reserve: <100,4<=X<7,3.0,Recently separated household,No co-sponsor,3.0,Shared tools,43.0,None,Own housing,1.0,Skilled volunteer,1.0,Has phone,Newcomer,bad
926,Points negative,12.0,All roles on time,Transport (new),697.0,Reserve: <100,<1,4.0,Single adult,No co-sponsor,2.0,Shared tools,46.0,Partner bank,Own housing,2.0,Skilled volunteer,1.0,Has phone,Newcomer,bad
531,Points 0–199,36.0,Previous roles completed,Training / education,2273.0,Reserve: <100,4<=X<7,3.0,Single adult,No co-sponsor,1.0,Shared tools,32.0,None,Own housing,2.0,Skilled volunteer,2.0,No phone,Newcomer,good
320,Points negative,15.0,Delayed in prior commitments,Workshop equipment,3643.0,Reserve: <100,>=7,1.0,Adult w/ dependents or shared household,No co-sponsor,4.0,Long-term fund,27.0,None,Own housing,2.0,Unskilled resident,1.0,No phone,Newcomer,good
422,Points 0–199,12.0,Previous roles completed,Transport (used),2028.0,No reserve,1<=X<4,4.0,Single adult,No co-sponsor,2.0,Shared tools,30.0,None,Own housing,1.0,Skilled volunteer,1.0,No phone,Newcomer,good
469,No points account,33.0,Delayed in prior commitments,Microenterprise support,2764.0,Reserve: <100,1<=X<4,2.0,Adult w/ dependents or shared household,No co-sponsor,2.0,Shared tools,26.0,None,Own housing,2.0,Skilled volunteer,1.0,Has phone,Newcomer,good
312,No points account,24.0,Previous roles completed,Workshop equipment,5511.0,Reserve: 100–499,1<=X<4,4.0,Single adult,No co-sponsor,1.0,Shared tools,25.0,Partner stores,Own housing,1.0,Skilled volunteer,1.0,No phone,Newcomer,good
175,Points negative,21.0,Delayed in prior commitments,Training / education,3414.0,Reserve: <100,<1,2.0,Single adult,No co-sponsor,1.0,Long-term fund,26.0,None,Own housing,2.0,Skilled volunteer,1.0,No phone,Newcomer,bad
28,Points 200+,12.0,All roles on time,Communications equipment,409.0,Reserve: ≥1000,1<=X<4,3.0,Adult w/ dependents or shared household,No co-sponsor,3.0,Community plot share,42.0,None,Rented housing,2.0,Skilled volunteer,1.0,No phone,Newcomer,good
497,Points 0–199,36.0,Previous roles completed,Workshop equipment,9034.0,Reserve: 100–499,<1,4.0,Single adult,Co-gardener sponsor,1.0,No tangible assets,29.0,None,Rented housing,1.0,Highly skilled / lead,1.0,Has phone,Newcomer,bad
421,No points account,15.0,Previous roles completed,Transport (new),3186.0,Reserve: ≥1000,4<=X<7,2.0,Adult w/ dependents or shared household,No co-sponsor,3.0,Shared tools,20.0,None,Rented housing,1.0,Skilled volunteer,1.0,No phone,Newcomer,good
989,Points negative,24.0,Previous roles completed,Transport (used),6579.0,Reserve: <100,unemployed,4.0,Single adult,No co-sponsor,2.0,No tangible assets,29.0,None,Hosted / no rent,1.0,Highly skilled / lead,1.0,Has phone,Newcomer,good
711,No points account,18.0,Issues on prior roles,Communications equipment,629.0,Reserve: 500–999,>=7,4.0,Single adult,No co-sponsor,3.0,Long-term fund,32.0,Partner bank,Own housing,2.0,Highly skilled / lead,1.0,Has phone,Newcomer,good
287,Points negative,48.0,Previous roles completed,Transport (used),4788.0,Reserve: <100,4<=X<7,4.0,Single adult,No co-sponsor,3.0,Long-term fund,26.0,None,Own housing,1.0,Skilled volunteer,2.0,No phone,Newcomer,good
412,No points account,33.0,Issues on prior roles,Transport (used),7253.0,Reserve: <100,4<=X<7,3.0,Single adult,No co-sponsor,2.0,Shared tools,35.0,None,Own housing,2.0,Highly skilled / lead,1.0,Has phone,Newcomer,good
395,No points account,9.0,Issues on prior roles,Workshop equipment,2406.0,Reserve: <100,unemployed,2.0,Single adult,No co-sponsor,3.0,Shared tools,31.0,None,Own housing,1.0,Highly skilled / lead,1.0,No phone,Newcomer,good
68,Points 0–199,12.0,Previous roles completed,Transport (new),1007.0,Reserve: ≥1000,1<=X<4,4.0,Committed/shared household,No co-sponsor,1.0,Community plot share,22.0,None,Own housing,1.0,Skilled volunteer,1.0,No phone,Newcomer,good
831,No points account,24.0,Delayed in prior commitments,Microenterprise support,2375.0,Reserve: 500–999,1<=X<4,4.0,Single adult,No co-sponsor,2.0,Shared tools,44.0,None,Own housing,2.0,Skilled volunteer,2.0,Has phone,Newcomer,good
708,Points 0–199,12.0,No prior roles / all on time,Workshop equipment,2969.0,Reserve: <100,<1,4.0,Adult w/ dependents or shared household,No co-sponsor,3.0,Long-term fund,25.0,None,Rented housing,2.0,Skilled volunteer,1.0,No phone,Newcomer,bad
480,Points negative,15.0,Issues on prior roles,Workshop equipment,1478.0,Reserve: <100,>=7,4.0,Single adult,No co-sponsor,4.0,Shared tools,44.0,None,Own housing,2.0,Skilled volunteer,2.0,Has phone,Newcomer,good
791,Points 0–199,21.0,Previous roles completed,Microenterprise support,1188.0,Reserve: <100,>=7,2.0,Adult w/ dependents or shared household,No co-sponsor,4.0,Long-term fund,39.0,None,Own housing,1.0,Skilled volunteer,2.0,No phone,Newcomer,bad
734,No points account,24.0,Previous roles completed,Transport (used),2603.0,Reserve: ≥1000,1<=X<4,2.0,Adult w/ dependents or shared household,No co-sponsor,4.0,Shared tools,28.0,None,Rented housing,1.0,Skilled volunteer,1.0,Has phone,Newcomer,good
519,Points negative,6.0,Previous roles completed,Transport (new),1203.0,Reserve: 100–499,>=7,3.0,Single adult,No co-sponsor,2.0,Long-term fund,43.0,None,Own housing,1.0,Skilled volunteer,1.0,Has phone,Newcomer,good
304,Points negative,10.0,Issues on prior roles,Transport (new),1038.0,Reserve: <100,4<=X<7,4.0,Single adult,Co-gardener sponsor,3.0,Long-term fund,49.0,None,Own housing,2.0,Skilled volunteer,1.0,Has phone,Newcomer,good
570,Points negative,48.0,Previous roles completed,Communications equipment,6758.0,Reserve: <100,1<=X<4,3.0,Adult w/ dependents or shared household,No co-sponsor,2.0,Shared tools,31.0,None,Own housing,1.0,Skilled volunteer,1.0,Has phone,Newcomer,bad
215,No points account,36.0,Issues on prior roles,Communications equipment,3342.0,No reserve,>=7,4.0,Single adult,No co-sponsor,2.0,Shared tools,51.0,None,Own housing,1.0,Skilled volunteer,1.0,Has phone,Newcomer,good
67,No points account,12.0,Previous roles completed,Communications equipment,2171.0,Reserve: <100,<1,2.0,Adult w/ dependents or shared household,No co-sponsor,2.0,Shared tools,29.0,Partner bank,Own housing,1.0,Skilled volunteer,1.0,No phone,Newcomer,good
985,No points account,24.0,Issues on prior roles,Workshop equipment,2028.0,Reserve: <100,4<=X<7,2.0,Single adult,No co-sponsor,2.0,Long-term fund,30.0,None,Own housing,2.0,Unskilled resident,1.0,No phone,Newcomer,good
705,Points 0–199,27.0,Previous roles completed,Microenterprise support,2528.0,Reserve: <100,<1,4.0,Adult w/ dependents or shared household,No co-sponsor,1.0,Long-term fund,32.0,None,Own housing,1.0,Skilled volunteer,2.0,Has phone,Newcomer,good
121,Points negative,21.0,Previous roles completed,Communications equipment,1835.0,Reserve: <100,1<=X<4,3.0,Adult w/ dependents or shared household,No co-sponsor,2.0,Community plot share,25.0,None,Own housing,2.0,Skilled volunteer,1.0,Has phone,Newcomer,bad
171,Points negative,15.0,No prior roles / all on time,Transport (new),950.0,Reserve: <100,>=7,4.0,Single adult,No co-sponsor,3.0,Shared tools,33.0,None,Rented housing,2.0,Skilled volunteer,2.0,No phone,Newcomer,bad
4,Points negative,42.0,Previous roles completed,Workshop equipment,7882.0,Reserve: <100,4<=X<7,2.0,Single adult,Mentor sponsor,4.0,Long-term fund,45.0,None,Hosted / no rent,1.0,Skilled volunteer,2.0,No phone,Newcomer,good
233,No points account,12.0,Previous roles completed,Communications equipment,2141.0,Reserve: 100–499,4<=X<7,3.0,Single adult,No co-sponsor,1.0,No tangible assets,35.0,None,Own housing,1.0,Skilled volunteer,1.0,No phone,Newcomer,good
256,Points 0–199,60.0,Delayed in prior commitments,Communications equipment,7418.0,No reserve,1<=X<4,1.0,Single adult,No co-sponsor,1.0,Community plot share,27.0,None,Own housing,1.0,Unskilled resident,1.0,No phone,Newcomer,good
122,No points account,24.0,Issues on prior roles,Transport (used),3868.0,Reserve: <100,>=7,4.0,Adult w/ dependents or shared household,No co-sponsor,2.0,Shared tools,41.0,None,Rented housing,2.0,Highly skilled / lead,1.0,Has phone,Newcomer,good
382,Points 0–199,18.0,Previous roles completed,Transport (used),12976.0,Reserve: <100,unemployed,3.0,Adult w/ dependents or shared household,No co-sponsor,4.0,No tangible assets,38.0,None,Hosted / no rent,1.0,Highly skilled / lead,1.0,Has phone,Newcomer,bad
409,No points account,24.0,Previous roles completed,Communications equipment,3235.0,Reserve: 500–999,>=7,3.0,Recently separated household,No co-sponsor,2.0,Shared tools,26.0,None,Own housing,1.0,Highly skilled / lead,1.0,Has phone,Newcomer,good
375,Points 0–199,60.0,All roles on time,Other project,14782.0,Reserve: 100–499,>=7,3.0,Adult w/ dependents or shared household,No co-sponsor,4.0,No tangible assets,60.0,Partner bank,Hosted / no rent,2.0,Highly skilled / lead,1.0,Has phone,Newcomer,bad
512,No points account,36.0,Previous roles completed,Transport (used),4686.0,Reserve: <100,1<=X<4,2.0,Single adult,No co-sponsor,2.0,No tangible assets,32.0,None,Hosted / no rent,1.0,Highly skilled / lead,1.0,Has phone,Newcomer,good
890,No points account,28.0,All roles on time,Transport (used),7824.0,No reserve,<1,3.0,Single adult,Mentor sponsor,4.0,Community plot share,40.0,Partner bank,Rented housing,2.0,Skilled volunteer,2.0,Has phone,Newcomer,good
353,No points account,18.0,Issues on prior roles,Transport (used),3229.0,No reserve,unemployed,2.0,Single adult,No co-sponsor,4.0,No tangible assets,38.0,None,Own housing,1.0,Highly skilled / lead,1.0,Has phone,Newcomer,good
477,No points account,39.0,Previous roles completed,Transport (used),2569.0,Reserve: 500–999,1<=X<4,4.0,Single adult,No co-sponsor,4.0,Shared tools,24.0,None,Own housing,1.0,Skilled volunteer,1.0,No phone,Newcomer,good
558,No points account,21.0,No prior roles / all on time,Transport (new),5003.0,No reserve,1<=X<4,1.0,Adult w/ dependents or shared household,No co-sponsor,4.0,Long-term fund,29.0,Partner bank,Own housing,2.0,Skilled volunteer,1.0,Has phone,Newcomer,bad
503,Points 200+,9.0,Previous roles completed,Communications equipment,1126.0,Reserve: 100–499,>=7,2.0,Recently separated household,No co-sponsor,4.0,Community plot share,49.0,None,Own housing,1.0,Skilled volunteer,1.0,No phone,Newcomer,good
369,Points negative,36.0,Previous roles completed,Workshop equipment,3446.0,Reserve: <100,>=7,4.0,Single adult,No co-sponsor,2.0,Shared tools,42.0,None,Own housing,1.0,Skilled volunteer,2.0,No phone,Newcomer,bad
55,Points 0–199,36.0,Delayed in prior commitments,Transport (new),2225.0,Reserve: <100,>=7,4.0,Single adult,No co-sponsor,4.0,No tangible assets,57.0,Partner bank,Hosted / no rent,2.0,Skilled volunteer,1.0,Has phone,Newcomer,bad
746,Points negative,13.0,Issues on prior roles,Microenterprise support,1797.0,Reserve: <100,<1,3.0,Single adult,No co-sponsor,1.0,Long-term fund,28.0,Partner bank,Own housing,2.0,Unskilled resident,1.0,No phone,Newcomer,good
148,No points account,12.0,Issues on prior roles,Transport (new),682.0,Reserve: 100–499,4<=X<7,4.0,Adult w/ dependents or shared household,No co-sponsor,3.0,Shared tools,51.0,None,Own housing,2.0,Skilled volunteer,1.0,Has phone,Newcomer,good
532,Points 0–199,15.0,Previous roles completed,Transport (new),2631.0,Reserve: 100–499,1<=X<4,2.0,Adult w/ dependents or shared household,No co-sponsor,4.0,Shared tools,28.0,None,Rented housing,2.0,Skilled volunteer,1.0,Has phone,Newcomer,bad
698,No points account,12.0,Issues on prior roles,Transport (new),926.0,Reserve: <100,unemployed,1.0,Adult w/ dependents or shared household,No co-sponsor,2.0,Long-term fund,38.0,None,Own housing,1.0,Unemployed / non-resident unskilled,1.0,No phone,Newcomer,good
201,No points account,9.0,Issues on prior roles,Training / education,936.0,Reserve: 500–999,>=7,4.0,Single adult,No co-sponsor,2.0,Shared tools,52.0,None,Own housing,2.0,Skilled volunteer,1.0,Has phone,Newcomer,good
539,Points negative,48.0,Previous roles completed,Transport (new),7763.0,Reserve: <100,>=7,4.0,Single adult,No co-sponsor,4.0,No tangible assets,42.0,Partner bank,Hosted / no rent,1.0,Highly skilled / lead,1.0,No phone,Newcomer,bad
176,No points account,30.0,All roles on time,Transport (used),7485.0,No reserve,unemployed,4.0,Adult w/ dependents or shared household,No co-sponsor,1.0,Community plot share,53.0,Partner bank,Own housing,1.0,Highly skilled / lead,1.0,Has phone,Newcomer,bad
541,Points 0–199,12.0,Previous roles completed,Communications equipment,1534.0,Reserve: <100,<1,1.0,Committed/shared household,No co-sponsor,1.0,Community plot share,23.0,None,Rented housing,1.0,Skilled volunteer,1.0,No phone,Newcomer,bad
928,Points negative,48.0,Previous roles completed,Transport (used),10297.0,Reserve: <100,4<=X<7,4.0,Single adult,No co-sponsor,4.0,No tangible assets,39.0,Partner stores,Hosted / no rent,3.0,Skilled volunteer,2.0,Has phone,Newcomer,bad
781,Points 0–199,39.0,Issues on prior roles,Communications equipment,4933.0,Reserve: <100,4<=X<7,2.0,Single adult,Mentor sponsor,2.0,Community plot share,25.0,None,Own housing,2.0,Skilled volunteer,1.0,No phone,Newcomer,bad
70,No points account,36.0,Previous roles completed,Communications equipment,2394.0,No reserve,1<=X<4,4.0,Adult w/ dependents or shared household,No co-sponsor,4.0,Shared tools,25.0,None,Own housing,1.0,Skilled volunteer,1.0,No phone,Newcomer,good
551,No points account,12.0,Issues on prior roles,Plot repairs,996.0,No reserve,4<=X<7,4.0,Adult w/ dependents or shared household,No co-sponsor,4.0,Community plot share,23.0,None,Own housing,2.0,Skilled volunteer,1.0,No phone,Newcomer,good
900,Points negative,18.0,Previous roles completed,Workshop equipment,4153.0,Reserve: <100,1<=X<4,2.0,Single adult,Co-gardener sponsor,3.0,Shared tools,42.0,None,Own housing,1.0,Skilled volunteer,1.0,No phone,Newcomer,bad
956,Points negative,24.0,Issues on prior roles,Communications equipment,1231.0,Reserve: ≥1000,>=7,4.0,Adult w/ dependents or shared household,No co-sponsor,4.0,Long-term fund,57.0,None,Rented housing,2.0,Highly skilled / lead,1.0,Has phone,Newcomer,good
378,No points account,7.0,Delayed in prior commitments,Communications equipment,846.0,No reserve,>=7,3.0,Single adult,No co-sponsor,4.0,No tangible assets,36.0,None,Hosted / no rent,1.0,Skilled volunteer,1.0,No phone,Newcomer,good
644,No points account,24.0,Issues on prior roles,Communications equipment,1851.0,Reserve: <100,4<=X<7,4.0,Committed/shared household,Mentor sponsor,2.0,Shared tools,33.0,None,Own housing,2.0,Skilled volunteer,1.0,Has phone,Newcomer,good
156,Points negative,12.0,Previous roles completed,Workshop equipment,1282.0,Reserve: <100,1<=X<4,2.0,Adult w/ dependents or shared household,No co-sponsor,4.0,Shared tools,20.0,None,Rented housing,1.0,Skilled volunteer,1.0,No phone,Newcomer,bad
388,Points 0–199,18.0,Issues on prior roles,Workshop equipment,7374.0,Reserve: <100,unemployed,4.0,Single adult,No co-sponsor,4.0,Long-term fund,40.0,Partner stores,Own housing,2.0,Highly skilled / lead,1.0,Has phone,Newcomer,good
155,Points 0–199,24.0,Delayed in prior commitments,Microenterprise support,6967.0,Reserve: 100–499,4<=X<7,4.0,Single adult,No co-sponsor,4.0,Shared tools,36.0,None,Rented housing,1.0,Highly skilled / lead,1.0,Has phone,Newcomer,good
896,No points account,36.0,Delayed in prior commitments,Transport (used),8947.0,No reserve,4<=X<7,3.0,Single adult,No co-sponsor,2.0,Shared tools,31.0,Partner stores,Own housing,1.0,Highly skilled / lead,2.0,Has phone,Newcomer,good
844,No points account,24.0,All roles on time,Microenterprise support,1559.0,Reserve: <100,4<=X<7,4.0,Single adult,No co-sponsor,4.0,Shared tools,50.0,Partner bank,Own housing,1.0,Skilled volunteer,1.0,Has phone,Newcomer,good
112,Points 200+,15.0,Previous roles completed,Training / education,392.0,Reserve: <100,<1,4.0,Adult w/ dependents or shared household,No co-sponsor,4.0,Long-term fund,23.0,None,Rented housing,1.0,Skilled volunteer,1.0,Has phone,Newcomer,good
798,No points account,12.0,Issues on prior roles,Workshop equipment,1258.0,Reserve: <100,<1,2.0,Adult w/ dependents or shared household,No co-sponsor,4.0,Long-term fund,22.0,None,Rented housing,2.0,Unskilled resident,1.0,No phone,Newcomer,good
668,No points account,48.0,All roles on time,Microenterprise support,3609.0,Reserve: <100,1<=X<4,1.0,Adult w/ dependents or shared household,No co-sponsor,1.0,Community plot share,27.0,Partner stores,Own housing,1.0,Skilled volunteer,1.0,No phone,Newcomer,good
557,Points 0–199,18.0,No prior roles / all on time,Transport (new),2278.0,Reserve: 100–499,<1,3.0,Adult w/ dependents or shared household,No co-sponsor,3.0,Shared tools,28.0,None,Own housing,2.0,Skilled volunteer,1.0,No phone,Newcomer,bad
239,No points account,12.0,Issues on prior roles,Communications equipment,1291.0,Reserve: <100,1<=X<4,4.0,Adult w/ dependents or shared household,No co-sponsor,2.0,Long-term fund,35.0,None,Own housing,2.0,Skilled volunteer,1.0,No phone,Newcomer,good
733,Points 0–199,8.0,Previous roles completed,Communications equipment,760.0,Reserve: <100,4<=X<7,4.0,Adult w/ dependents or shared household,Mentor sponsor,2.0,Community plot share,44.0,None,Own housing,1.0,Unskilled resident,1.0,No phone,Newcomer,good
132,Points negative,36.0,Delayed in prior commitments,Training / education,6887.0,Reserve: <100,1<=X<4,4.0,Single adult,No co-sponsor,3.0,Long-term fund,29.0,Partner stores,Own housing,1.0,Skilled volunteer,1.0,Has phone,Newcomer,bad
817,No points account,6.0,Previous roles completed,Shared appliances,1338.0,Reserve: 500–999,1<=X<4,1.0,Recently separated household,No co-sponsor,4.0,Community plot share,62.0,None,Own housing,1.0,Skilled volunteer,1.0,No phone,Newcomer,good
185,Points 0–199,18.0,Issues on prior roles,Transport (new),884.0,Reserve: <100,>=7,4.0,Single adult,No co-sponsor,4.0,Shared tools,36.0,Partner bank,Own housing,1.0,Skilled volunteer,2.0,Has phone,Newcomer,bad
326,Points negative,8.0,Issues on prior roles,Transport (new),3398.0,Reserve: <100,4<=X<7,1.0,Single adult,No co-sponsor,4.0,Community plot share,39.0,None,Own housing,2.0,Unskilled resident,1.0,No phone,Local resident,good
343,Points 0–199,18.0,Previous roles completed,Communications equipment,3213.0,Reserve: 500–999,<1,1.0,Committed/shared household,No co-sponsor,3.0,Community plot share,25.0,None,Rented housing,1.0,Skilled volunteer,1.0,No phone,Newcomer,good
271,No points account,18.0,Previous roles completed,Transport (new),2662.0,No reserve,4<=X<7,4.0,Single adult,No co-sponsor,3.0,Long-term fund,32.0,None,Own housing,1.0,Skilled volunteer,1.0,No phone,Local resident,good
565,Points 0–199,24.0,Delayed in prior commitments,Microenterprise support,4712.0,No reserve,1<=X<4,4.0,Single adult,No co-sponsor,2.0,Long-term fund,37.0,Partner bank,Own housing,2.0,Highly skilled / lead,1.0,Has phone,Newcomer,good
499,Points 0–199,18.0,Previous roles completed,Communications equipment,1301.0,Reserve: <100,>=7,4.0,Committed/shared household,Mentor sponsor,2.0,Community plot share,32.0,None,Own housing,1.0,Unskilled resident,1.0,No phone,Newcomer,good
618,Points negative,6.0,Issues on prior roles,Transport (new),3676.0,Reserve: <100,1<=X<4,1.0,Single adult,No co-sponsor,3.0,Community plot share,37.0,None,Rented housing,3.0,Skilled volunteer,2.0,No phone,Newcomer,good
880,No points account,30.0,Issues on prior roles,Communications equipment,6742.0,No reserve,4<=X<7,2.0,Single adult,No co-sponsor,3.0,Long-term fund,36.0,None,Own housing,2.0,Skilled volunteer,1.0,No phone,Newcomer,good
594,Points 0–199,24.0,Previous roles completed,Transport (new),2718.0,Reserve: <100,1<=X<4,3.0,Adult w/ dependents or shared household,No co-sponsor,4.0,Long-term fund,20.0,None,Rented housing,1.0,Unskilled resident,1.0,Has phone,Newcomer,bad
638,No points account,60.0,Delayed in prior commitments,Communications equipment,15653.0,Reserve: <100,4<=X<7,2.0,Single adult,No co-sponsor,4.0,Shared tools,21.0,None,Own housing,2.0,Skilled volunteer,1.0,Has phone,Newcomer,good
964,No points account,24.0,Previous roles completed,Communications equipment,2397.0,Reserve: 500–999,>=7,3.0,Single adult,No co-sponsor,2.0,Shared tools,35.0,Partner bank,Own housing,2.0,Skilled volunteer,1.0,Has phone,Newcomer,bad
173,Points 0–199,24.0,Delayed in prior commitments,Workshop equipment,2064.0,Reserve: <100,unemployed,3.0,Adult w/ dependents or shared household,No co-sponsor,2.0,Long-term fund,34.0,None,Own housing,1.0,Highly skilled / lead,1.0,Has phone,Newcomer,bad
399,Points 0–199,12.0,Previous roles completed,Transport (new),1223.0,Reserve: <100,>=7,1.0,Recently separated household,No co-sponsor,1.0,Community plot share,46.0,None,Rented housing,2.0,Skilled volunteer,1.0,No phone,Newcomer,bad
727,No points account,15.0,Issues on prior roles,Communications equipment,1316.0,Reserve: 500–999,1<=X<4,2.0,Committed/shared household,No co-sponsor,2.0,Long-term fund,47.0,None,Own housing,2.0,Unskilled resident,1.0,No phone,Newcomer,good
915,Points negative,24.0,All roles on time,Microenterprise support,3161.0,Reserve: <100,1<=X<4,4.0,Single adult,No co-sponsor,2.0,Long-term fund,31.0,None,Rented housing,1.0,Skilled volunteer,1.0,Has phone,Newcomer,bad
924,Points 0–199,12.0,Previous roles completed,Transport (new),2002.0,Reserve: <100,4<=X<7,3.0,Single adult,No co-sponsor,4.0,Long-term fund,30.0,None,Rented housing,1.0,Skilled volunteer,2.0,Has phone,Newcomer,good
415,Points negative,24.0,Previous roles completed,Transport (new),1381.0,No reserve,1<=X<4,4.0,Adult w/ dependents or shared household,No co-sponsor,2.0,Long-term fund,35.0,None,Own housing,1.0,Skilled volunteer,1.0,No phone,Newcomer,bad
141,Points 200+,6.0,Previous roles completed,Transport (new),709.0,Reserve: ≥1000,<1,2.0,Committed/shared household,No co-sponsor,2.0,Community plot share,27.0,None,Own housing,1.0,Unemployed / non-resident unskilled,1.0,No phone,Local resident,good
883,Points 0–199,30.0,Issues on prior roles,Transport (new),2181.0,No reserve,>=7,4.0,Single adult,No co-sponsor,4.0,Community plot share,36.0,None,Own housing,2.0,Skilled volunteer,1.0,No phone,Newcomer,good
372,No points account,18.0,Issues on prior roles,Communications equipment,6070.0,Reserve: <100,>=7,3.0,Single adult,No co-sponsor,4.0,Shared tools,33.0,None,Own housing,2.0,Skilled volunteer,1.0,Has phone,Newcomer,good
562,Points negative,24.0,All roles on time,Communications equipment,1546.0,Reserve: <100,4<=X<7,4.0,Single adult,Mentor sponsor,4.0,Shared tools,24.0,Partner bank,Rented housing,1.0,Unskilled resident,1.0,No phone,Newcomer,bad
484,No points account,15.0,Delayed in prior commitments,Workshop equipment,960.0,Reserve: ≥1000,4<=X<7,3.0,Adult w/ dependents or shared household,No co-sponsor,2.0,Long-term fund,30.0,None,Own housing,2.0,Skilled volunteer,1.0,No phone,Newcomer,good
667,Points 0–199,30.0,All roles on time,Workshop equipment,3496.0,Reserve: ≥1000,1<=X<4,4.0,Single adult,No co-sponsor,2.0,Shared tools,34.0,Partner stores,Own housing,1.0,Skilled volunteer,2.0,Has phone,Newcomer,good
124,Points 200+,10.0,Issues on prior roles,Transport (new),781.0,Reserve: <100,>=7,4.0,Single adult,No co-sponsor,4.0,No tangible assets,63.0,None,Hosted / no rent,2.0,Skilled volunteer,1.0,Has phone,Newcomer,good
944,No points account,4.0,Issues on prior roles,Transport (new),1455.0,Reserve: <100,4<=X<7,2.0,Single adult,No co-sponsor,1.0,Community plot share,42.0,None,Own housing,3.0,Unskilled resident,2.0,No phone,Newcomer,good
585,No points account,12.0,Previous roles completed,Transport (new),2133.0,No reserve,>=7,4.0,Adult w/ dependents or shared household,No co-sponsor,4.0,No tangible assets,52.0,None,Hosted / no rent,1.0,Highly skilled / lead,1.0,Has phone,Newcomer,good
45,Points negative,48.0,Issues on prior roles,Transport (used),6143.0,Reserve: <100,>=7,4.0,Adult w/ dependents or shared household,No co-sponsor,4.0,No tangible assets,58.0,Partner stores,Hosted / no rent,2.0,Unskilled resident,1.0,No phone,Newcomer,bad
104,Points 0–199,9.0,Issues on prior roles,Workshop equipment,1919.0,Reserve: <100,4<=X<7,4.0,Single adult,No co-sponsor,3.0,Shared tools,35.0,None,Rented housing,1.0,Skilled volunteer,1.0,Has phone,Newcomer,good
164,Points 0–199,10.0,Previous roles completed,Transport (new),7308.0,Reserve: <100,unemployed,2.0,Single adult,No co-sponsor,4.0,No tangible assets,70.0,Partner bank,Hosted / no rent,1.0,Highly skilled / lead,1.0,Has phone,Newcomer,good
911,No points account,36.0,Delayed in prior commitments,Communications equipment,4454.0,Reserve: <100,1<=X<4,4.0,Adult w/ dependents or shared household,No co-sponsor,4.0,Community plot share,34.0,None,Own housing,2.0,Skilled volunteer,1.0,No phone,Newcomer,good
8,Points 0–199,36.0,Previous roles completed,Transport (used),6948.0,Reserve: <100,1<=X<4,2.0,Single adult,No co-sponsor,2.0,Shared tools,35.0,None,Rented housing,1.0,Highly skilled / lead,1.0,Has phone,Newcomer,good
105,No points account,12.0,Previous roles completed,Transport (used),2445.0,No reserve,<1,2.0,Committed/shared household,No co-sponsor,4.0,Shared tools,26.0,None,Rented housing,1.0,Skilled volunteer,1.0,Has phone,Newcomer,good
772,Points negative,36.0,Issues on prior roles,Training / education,8065.0,Reserve: <100,1<=X<4,3.0,Adult w/ dependents or shared household,No co-sponsor,2.0,No tangible assets,25.0,None,Own housing,2.0,Highly skilled / lead,1.0,Has phone,Newcomer,bad
77,Points negative,42.0,Previous roles completed,Communications equipment,3965.0,Reserve: <100,<1,4.0,Single adult,No co-sponsor,3.0,Shared tools,34.0,None,Own housing,1.0,Skilled volunteer,1.0,No phone,Newcomer,bad
257,No points account,24.0,Issues on prior roles,Communications equipment,2684.0,Reserve: <100,1<=X<4,4.0,Single adult,No co-sponsor,2.0,Community plot share,35.0,None,Own housing,2.0,Unskilled resident,1.0,No phone,Newcomer,good
365,Points negative,18.0,Previous roles completed,Workshop equipment,2473.0,Reserve: <100,unemployed,4.0,Single adult,No co-sponsor,1.0,Shared tools,25.0,None,Own housing,1.0,Unemployed / non-resident unskilled,1.0,No phone,Newcomer,bad
224,No points account,24.0,Delayed in prior commitments,Microenterprise support,2978.0,No reserve,1<=X<4,4.0,Single adult,No co-sponsor,4.0,Community plot share,32.0,None,Own housing,2.0,Skilled volunteer,2.0,Has phone,Newcomer,good
128,Points 0–199,12.0,Previous roles completed,Plot repairs,639.0,Reserve: <100,1<=X<4,4.0,Single adult,No co-sponsor,2.0,Shared tools,30.0,None,Own housing,1.0,Skilled volunteer,1.0,No phone,Newcomer,bad
406,Points 0–199,24.0,Previous roles completed,Communications equipment,2039.0,Reserve: <100,<1,1.0,Committed/shared household,No co-sponsor,1.0,Long-term fund,22.0,None,Own housing,1.0,Skilled volunteer,1.0,Has phone,Newcomer,bad
303,Points 200+,24.0,Issues on prior roles,Transport (new),1344.0,No reserve,4<=X<7,4.0,Single adult,No co-sponsor,2.0,Community plot share,37.0,Partner bank,Own housing,2.0,Unskilled resident,2.0,No phone,Newcomer,bad
472,Points negative,6.0,Previous roles completed,Training / education,448.0,Reserve: <100,<1,4.0,Adult w/ dependents or shared household,No co-sponsor,4.0,Long-term fund,23.0,None,Own housing,1.0,Skilled volunteer,1.0,No phone,Newcomer,bad
688,Points 0–199,36.0,Delayed in prior commitments,Transport (new),2862.0,Reserve: 100–499,>=7,4.0,Single adult,No co-sponsor,3.0,No tangible assets,30.0,None,Hosted / no rent,1.0,Skilled volunteer,1.0,No phone,Newcomer,good
806,Points negative,36.0,Previous roles completed,Transport (new),9271.0,Reserve: <100,4<=X<7,2.0,Single adult,No co-sponsor,1.0,Shared tools,24.0,None,Own housing,1.0,Skilled volunteer,1.0,Has phone,Newcomer,bad
275,Points negative,30.0,Previous roles completed,Plot repairs,11998.0,Reserve: <100,<1,1.0,Recently separated household,No co-sponsor,1.0,No tangible assets,34.0,None,Own housing,1.0,Unskilled resident,1.0,Has phone,Newcomer,bad
560,Points 0–199,18.0,Issues on prior roles,Workshop equipment,1928.0,Reserve: <100,<1,2.0,Single adult,No co-sponsor,2.0,Community plot share,31.0,None,Own housing,2.0,Unskilled resident,1.0,No phone,Newcomer,bad
976,Points 200+,24.0,Previous roles completed,Communications equipment,1258.0,Reserve: 500–999,1<=X<4,3.0,Adult w/ dependents or shared household,No co-sponsor,3.0,Shared tools,57.0,None,Own housing,1.0,Unskilled resident,1.0,No phone,Newcomer,good
310,Points 0–199,9.0,Previous roles completed,Transport (new),276.0,Reserve: <100,1<=X<4,4.0,Committed/shared household,No co-sponsor,4.0,Community plot share,22.0,None,Rented housing,1.0,Unskilled resident,1.0,No phone,Newcomer,good
506,No points account,10.0,Previous roles completed,Transport (new),1309.0,No reserve,1<=X<4,4.0,Single adult,Mentor sponsor,4.0,Long-term fund,27.0,None,Own housing,1.0,Unskilled resident,1.0,No phone,Newcomer,bad
107,No points account,18.0,All roles on time,Transport (new),6458.0,Reserve: <100,>=7,2.0,Single adult,No co-sponsor,4.0,No tangible assets,39.0,Partner bank,Own housing,2.0,Highly skilled / lead,2.0,Has phone,Newcomer,bad
58,No points account,36.0,Issues on prior roles,Communications equipment,9566.0,Reserve: <100,1<=X<4,2.0,Adult w/ dependents or shared household,No co-sponsor,2.0,Shared tools,31.0,Partner stores,Own housing,2.0,Skilled volunteer,1.0,No phone,Newcomer,good
812,Points 0–199,6.0,Previous roles completed,Communications equipment,484.0,Reserve: <100,4<=X<7,3.0,Committed/shared household,Mentor sponsor,3.0,Community plot share,28.0,Partner bank,Own housing,1.0,Unskilled resident,1.0,No phone,Newcomer,good
92,Points negative,12.0,Issues on prior roles,Transport (used),1409.0,Reserve: <100,>=7,4.0,Single adult,No co-sponsor,3.0,Community plot share,54.0,None,Own housing,1.0,Skilled volunteer,1.0,No phone,Newcomer,good
556,Points 0–199,12.0,Previous roles completed,Communications equipment,1331.0,Reserve: <100,<1,2.0,Single adult,No co-sponsor,1.0,Shared tools,22.0,Partner stores,Own housing,1.0,Skilled volunteer,1.0,No phone,Newcomer,bad
828,No points account,18.0,No prior roles / all on time,Microenterprise support,4165.0,Reserve: <100,1<=X<4,2.0,Single adult,No co-sponsor,2.0,Shared tools,36.0,Partner stores,Own housing,2.0,Skilled volunteer,2.0,No phone,Newcomer,bad
457,Points negative,11.0,Issues on prior roles,Transport (new),3905.0,Reserve: <100,1<=X<4,2.0,Single adult,No co-sponsor,2.0,Community plot share,36.0,None,Rented housing,2.0,Skilled volunteer,2.0,No phone,Newcomer,good
623,No points account,48.0,Previous roles completed,Microenterprise support,3914.0,No reserve,1<=X<4,4.0,Recently separated household,No co-sponsor,2.0,Community plot share,38.0,Partner bank,Own housing,1.0,Skilled volunteer,1.0,No phone,Newcomer,bad
767,Points negative,30.0,Previous roles completed,Workshop equipment,3108.0,Reserve: <100,<1,2.0,Recently separated household,No co-sponsor,4.0,Long-term fund,31.0,None,Own housing,1.0,Unskilled resident,1.0,No phone,Newcomer,bad
756,Points negative,24.0,Previous roles completed,Transport (new),1285.0,No reserve,4<=X<7,4.0,Adult w/ dependents or shared household,No co-sponsor,4.0,No tangible assets,32.0,None,Rented housing,1.0,Skilled volunteer,1.0,No phone,Newcomer,bad
641,Points negative,18.0,Previous roles completed,Training / education,750.0,Reserve: <100,unemployed,4.0,Adult w/ dependents or shared household,No co-sponsor,1.0,Community plot share,27.0,None,Own housing,1.0,Unemployed / non-resident unskilled,1.0,No phone,Newcomer,bad
161,No points account,24.0,Issues on prior roles,Communications equipment,2872.0,Reserve: 100–499,>=7,3.0,Single adult,No co-sponsor,4.0,Community plot share,36.0,None,Own housing,1.0,Skilled volunteer,2.0,Has phone,Newcomer,good
476,Points negative,18.0,No prior roles / all on time,Workshop equipment,3114.0,Reserve: <100,<1,1.0,Adult w/ dependents or shared household,No co-sponsor,4.0,Long-term fund,26.0,None,Rented housing,1.0,Skilled volunteer,1.0,No phone,Newcomer,bad
561,Points negative,24.0,Previous roles completed,Transport (used),2964.0,No reserve,>=7,4.0,Single adult,No co-sponsor,4.0,No tangible assets,49.0,Partner bank,Hosted / no rent,1.0,Skilled volunteer,2.0,Has phone,Newcomer,good
56,No points account,6.0,All roles on time,Transport (new),783.0,No reserve,1<=X<4,1.0,Single adult,Mentor sponsor,2.0,Community plot share,26.0,Partner stores,Own housing,1.0,Unskilled resident,2.0,No phone,Newcomer,good
879,Points negative,9.0,Previous roles completed,Transport (new),1422.0,Reserve: <100,<1,3.0,Single adult,No co-sponsor,2.0,No tangible assets,27.0,None,Hosted / no rent,1.0,Highly skilled / lead,1.0,Has phone,Newcomer,bad
61,Points 0–199,9.0,Previous roles completed,Microenterprise support,1391.0,Reserve: <100,1<=X<4,2.0,Committed/shared household,No co-sponsor,1.0,Community plot share,27.0,Partner bank,Own housing,1.0,Skilled volunteer,1.0,Has phone,Newcomer,good
813,Points negative,36.0,Issues on prior roles,Transport (used),9629.0,Reserve: <100,4<=X<7,4.0,Single adult,No co-sponsor,4.0,Shared tools,24.0,None,Own housing,2.0,Skilled volunteer,1.0,Has phone,Newcomer,bad
282,No points account,12.0,Previous roles completed,Workshop equipment,1574.0,Reserve: <100,1<=X<4,4.0,Single adult,No co-sponsor,2.0,Community plot share,50.0,None,Own housing,1.0,Skilled volunteer,1.0,No phone,Newcomer,good
481,Points 0–199,12.0,Issues on prior roles,Communications equipment,3573.0,Reserve: <100,1<=X<4,1.0,Adult w/ dependents or shared household,No co-sponsor,1.0,Community plot share,23.0,None,Own housing,1.0,Unskilled resident,1.0,No phone,Newcomer,good
936,Points 0–199,30.0,Delayed in prior commitments,Communications equipment,1919.0,Reserve: 100–499,<1,4.0,Single adult,No co-sponsor,3.0,No tangible assets,30.0,Partner stores,Own housing,2.0,Highly skilled / lead,1.0,No phone,Newcomer,bad
620,No points account,12.0,Previous roles completed,Transport (new),640.0,Reserve: <100,1<=X<4,4.0,Recently separated household,No co-sponsor,2.0,Community plot share,49.0,None,Own housing,1.0,Unskilled resident,1.0,No phone,Newcomer,good
182,Points 0–199,36.0,Delayed in prior commitments,Microenterprise support,4455.0,Reserve: <100,1<=X<4,2.0,Recently separated household,No co-sponsor,2.0,Community plot share,30.0,Partner stores,Own housing,2.0,Highly skilled / lead,1.0,Has phone,Newcomer,bad
428,No points account,18.0,Issues on prior roles,Communications equipment,1149.0,Reserve: ≥1000,1<=X<4,4.0,Single adult,No co-sponsor,3.0,Community plot share,46.0,None,Own housing,2.0,Skilled volunteer,1.0,No phone,Newcomer,good
450,Points 0–199,15.0,Delayed in prior commitments,Plot repairs,1512.0,Reserve: ≥1000,1<=X<4,3.0,Committed/shared household,No co-sponsor,3.0,Long-term fund,61.0,Partner stores,Own housing,2.0,Skilled volunteer,1.0,No phone,Newcomer,bad
210,No points account,12.0,Previous roles completed,Transport (used),1413.0,Reserve: ≥1000,4<=X<7,3.0,Single adult,No co-sponsor,2.0,Long-term fund,55.0,None,Own housing,1.0,Skilled volunteer,1.0,No phone,Local resident,good
761,No points account,15.0,Issues on prior roles,Transport (new),5045.0,No reserve,>=7,1.0,Adult w/ dependents or shared household,No co-sponsor,4.0,Shared tools,59.0,None,Own housing,1.0,Skilled volunteer,1.0,Has phone,Newcomer,good
208,Points 0–199,12.0,Issues on prior roles,Shared appliances,1424.0,Reserve: <100,4<=X<7,4.0,Single adult,No co-sponsor,3.0,Long-term fund,26.0,None,Own housing,1.0,Skilled volunteer,1.0,No phone,Newcomer,good
749,No points account,21.0,Previous roles completed,Transport (used),5248.0,No reserve,1<=X<4,1.0,Single adult,No co-sponsor,3.0,Shared tools,26.0,None,Own housing,1.0,Skilled volunteer,1.0,No phone,Newcomer,good
586,Points negative,18.0,Previous roles completed,Workshop equipment,2039.0,Reserve: <100,1<=X<4,1.0,Adult w/ dependents or shared household,No co-sponsor,4.0,Community plot share,20.0,Partner bank,Rented housing,1.0,Skilled volunteer,1.0,No phone,Newcomer,bad
322,Points negative,24.0,Previous roles completed,Communications equipment,1938.0,Reserve: <100,<1,4.0,Recently separated household,No co-sponsor,3.0,Long-term fund,32.0,None,Own housing,1.0,Skilled volunteer,1.0,No phone,Newcomer,bad
187,Points 0–199,9.0,All roles on time,Transport (used),5129.0,Reserve: <100,>=7,2.0,Adult w/ dependents or shared household,No co-sponsor,4.0,No tangible assets,74.0,Partner bank,Hosted / no rent,1.0,Highly skilled / lead,2.0,Has phone,Newcomer,bad
825,No points account,18.0,Issues on prior roles,Workshop equipment,3780.0,Reserve: <100,<1,3.0,Recently separated household,No co-sponsor,2.0,Shared tools,35.0,None,Own housing,2.0,Highly skilled / lead,1.0,Has phone,Newcomer,good
677,No points account,24.0,Issues on prior roles,Workshop equipment,5150.0,Reserve: <100,>=7,4.0,Single adult,No co-sponsor,4.0,Shared tools,33.0,None,Own housing,1.0,Skilled volunteer,1.0,Has phone,Newcomer,good
328,No points account,24.0,Previous roles completed,Transport (new),1525.0,Reserve: ≥1000,4<=X<7,4.0,Adult w/ dependents or shared household,No co-sponsor,3.0,Shared tools,34.0,None,Own housing,1.0,Skilled volunteer,2.0,Has phone,Newcomer,good
453,No points account,12.0,No prior roles / all on time,Workshop equipment,2759.0,Reserve: <100,>=7,2.0,Single adult,No co-sponsor,4.0,Long-term fund,34.0,None,Own housing,2.0,Skilled volunteer,1.0,No phone,Newcomer,good
26,Points negative,6.0,Previous roles completed,Workshop equipment,1374.0,Reserve: <100,1<=X<4,1.0,Single adult,No co-sponsor,2.0,Community plot share,36.0,Partner bank,Own housing,1.0,Unskilled resident,1.0,Has phone,Newcomer,good
225,No points account,15.0,Previous roles completed,Transport (used),4657.0,Reserve: <100,1<=X<4,3.0,Single adult,No co-sponsor,2.0,Shared tools,30.0,None,Own housing,1.0,Skilled volunteer,1.0,Has phone,Newcomer,good
836,Points negative,12.0,No prior roles / all on time,Transport (new),1082.0,Reserve: <100,1<=X<4,4.0,Single adult,No co-sponsor,4.0,Shared tools,48.0,Partner bank,Own housing,2.0,Skilled volunteer,1.0,No phone,Newcomer,bad
826,Points negative,21.0,Issues on prior roles,Transport (new),1602.0,Reserve: <100,>=7,4.0,Committed/shared household,No co-sponsor,3.0,Shared tools,30.0,None,Own housing,2.0,Skilled volunteer,1.0,Has phone,Newcomer,good
157,Points negative,9.0,Issues on prior roles,Plot repairs,1288.0,Reserve: 100–499,>=7,3.0,Single adult,Mentor sponsor,4.0,Community plot share,48.0,None,Own housing,2.0,Skilled volunteer,2.0,No phone,Local resident,good
635,Points 0–199,24.0,Previous roles completed,Transport (new),1355.0,Reserve: <100,<1,3.0,Adult w/ dependents or shared household,No co-sponsor,4.0,Shared tools,25.0,None,Own housing,1.0,Unskilled resident,1.0,Has phone,Newcomer,bad
146,Points 0–199,48.0,All roles on time,Microenterprise support,3566.0,Reserve: 100–499,4<=X<7,4.0,Single adult,No co-sponsor,2.0,Shared tools,30.0,None,Own housing,1.0,Skilled volunteer,1.0,No phone,Newcomer,good
634,No points account,9.0,Previous roles completed,Workshop equipment,1980.0,Reserve: <100,<1,2.0,Adult w/ dependents or shared household,Co-gardener sponsor,2.0,Shared tools,19.0,None,Rented housing,2.0,Skilled volunteer,1.0,No phone,Newcomer,bad
296,Points 0–199,48.0,Previous roles completed,Workshop equipment,9960.0,Reserve: <100,<1,1.0,Adult w/ dependents or shared household,No co-sponsor,2.0,Shared tools,26.0,None,Own housing,1.0,Skilled volunteer,1.0,Has phone,Newcomer,bad
471,Points 0–199,24.0,Previous roles completed,Communications equipment,3092.0,Reserve: 100–499,<1,3.0,Committed/shared household,No co-sponsor,2.0,Shared tools,22.0,None,Rented housing,1.0,Skilled volunteer,1.0,Has phone,Newcomer,bad
300,Points 0–199,21.0,Issues on prior roles,Workshop equipment,2745.0,Reserve: ≥1000,4<=X<7,3.0,Single adult,No co-sponsor,2.0,Shared tools,32.0,None,Own housing,2.0,Skilled volunteer,1.0,Has phone,Newcomer,good
612,Points 200+,10.0,Previous roles completed,Transport (new),1240.0,Reserve: 100–499,>=7,1.0,Adult w/ dependents or shared household,No co-sponsor,4.0,No tangible assets,48.0,None,Hosted / no rent,1.0,Unskilled resident,2.0,No phone,Newcomer,bad
898,No points account,12.0,Issues on prior roles,Workshop equipment,1592.0,Reserve: ≥1000,4<=X<7,3.0,Adult w/ dependents or shared household,No co-sponsor,2.0,Long-term fund,35.0,None,Own housing,1.0,Skilled volunteer,1.0,No phone,Local resident,good
43,Points 0–199,18.0,Delayed in prior commitments,Plot repairs,6204.0,Reserve: <100,1<=X<4,2.0,Single adult,No co-sponsor,4.0,Community plot share,44.0,None,Own housing,1.0,Unskilled resident,2.0,Has phone,Newcomer,good
637,No points account,24.0,Previous roles completed,Communications equipment,1376.0,Reserve: 500–999,4<=X<7,4.0,Adult w/ dependents or shared household,No co-sponsor,1.0,Shared tools,28.0,None,Own housing,1.0,Skilled volunteer,1.0,No phone,Newcomer,good
904,No points account,15.0,Previous roles completed,Communications equipment,1386.0,No reserve,1<=X<4,4.0,Committed/shared household,No co-sponsor,2.0,Community plot share,40.0,None,Rented housing,1.0,Skilled volunteer,1.0,Has phone,Newcomer,good
643,No points account,15.0,Previous roles completed,Training / education,4623.0,Reserve: 100–499,1<=X<4,3.0,Single adult,No co-sponsor,2.0,Long-term fund,40.0,None,Own housing,1.0,Highly skilled / lead,1.0,Has phone,Newcomer,bad
206,Points negative,30.0,Issues on prior roles,Transport (used),10623.0,Reserve: <100,>=7,3.0,Single adult,No co-sponsor,4.0,No tangible assets,38.0,None,Hosted / no rent,3.0,Highly skilled / lead,2.0,Has phone,Newcomer,good
364,No points account,6.0,Previous roles completed,Workshop equipment,1766.0,Reserve: <100,1<=X<4,1.0,Committed/shared household,No co-sponsor,2.0,Long-term fund,21.0,None,Rented housing,1.0,Skilled volunteer,1.0,No phone,Newcomer,good
313,Points 200+,24.0,Previous roles completed,Workshop equipment,3749.0,Reserve: <100,<1,2.0,Adult w/ dependents or shared household,No co-sponsor,4.0,Shared tools,26.0,None,Own housing,1.0,Skilled volunteer,1.0,No phone,Newcomer,good
696,No points account,6.0,Previous roles completed,Transport (used),1236.0,Reserve: 500–999,1<=X<4,2.0,Single adult,No co-sponsor,4.0,Long-term fund,50.0,None,Rented housing,1.0,Skilled volunteer,1.0,No phone,Newcomer,good
367,No points account,18.0,Issues on prior roles,Transport (used),3850.0,Reserve: <100,4<=X<7,3.0,Single adult,No co-sponsor,1.0,Shared tools,27.0,None,Own housing,2.0,Skilled volunteer,1.0,No phone,Newcomer,good
150,No points account,18.0,Issues on prior roles,Communications equipment,1582.0,Reserve: ≥1000,>=7,4.0,Single adult,No co-sponsor,4.0,Shared tools,46.0,None,Own housing,2.0,Skilled volunteer,1.0,No phone,Newcomer,good
251,Points negative,6.0,Issues on prior roles,Transport (new),666.0,Reserve: ≥1000,4<=X<7,3.0,Adult w/ dependents or shared household,No co-sponsor,4.0,Community plot share,39.0,None,Own housing,2.0,Unskilled resident,1.0,Has phone,Newcomer,good
566,Points 0–199,24.0,Delayed in prior commitments,Communications equipment,1553.0,Reserve: 100–499,4<=X<7,3.0,Adult w/ dependents or shared household,No co-sponsor,2.0,Long-term fund,23.0,None,Rented housing,2.0,Skilled volunteer,1.0,Has phone,Newcomer,good
341,Points 0–199,24.0,Issues on prior roles,Training / education,5743.0,Reserve: <100,<1,2.0,Adult w/ dependents or shared household,No co-sponsor,4.0,No tangible assets,24.0,None,Hosted / no rent,2.0,Skilled volunteer,1.0,Has phone,Newcomer,good
138,Points 0–199,12.0,Previous roles completed,Communications equipment,766.0,Reserve: 500–999,1<=X<4,4.0,Single adult,No co-sponsor,3.0,Community plot share,66.0,None,Own housing,1.0,Unskilled resident,1.0,No phone,Newcomer,bad
205,No points account,12.0,Issues on prior roles,Transport (new),1495.0,Reserve: <100,>=7,4.0,Single adult,No co-sponsor,1.0,Community plot share,38.0,None,Own housing,2.0,Unskilled resident,2.0,No phone,Newcomer,good
704,Points 0–199,30.0,Delayed in prior commitments,Microenterprise support,2503.0,Reserve: 100–499,>=7,4.0,Single adult,No co-sponsor,2.0,Long-term fund,41.0,Partner stores,Own housing,2.0,Skilled volunteer,1.0,No phone,Newcomer,good
912,Points 0–199,24.0,Issues on prior roles,Workshop equipment,4736.0,Reserve: <100,<1,2.0,Adult w/ dependents or shared household,No co-sponsor,4.0,Shared tools,25.0,Partner bank,Own housing,1.0,Unskilled resident,1.0,No phone,Newcomer,bad
758,Points 200+,15.0,Issues on prior roles,Communications equipment,1271.0,No reserve,1<=X<4,3.0,Single adult,No co-sponsor,4.0,No tangible assets,39.0,None,Hosted / no rent,2.0,Skilled volunteer,1.0,Has phone,Newcomer,bad
617,Points 0–199,60.0,Delayed in prior commitments,Communications equipment,9157.0,No reserve,1<=X<4,2.0,Single adult,No co-sponsor,2.0,No tangible assets,27.0,None,Hosted / no rent,1.0,Highly skilled / lead,1.0,No phone,Newcomer,good
281,No points account,15.0,Issues on prior roles,Transport (used),3368.0,Reserve: ≥1000,>=7,3.0,Single adult,No co-sponsor,4.0,No tangible assets,23.0,None,Rented housing,2.0,Skilled volunteer,1.0,Has phone,Newcomer,good
334,No points account,48.0,Issues on prior roles,Transport (used),11590.0,Reserve: 100–499,1<=X<4,2.0,Adult w/ dependents or shared household,No co-sponsor,4.0,Shared tools,24.0,Partner bank,Rented housing,2.0,Unskilled resident,1.0,No phone,Newcomer,bad
163,No points account,15.0,Previous roles completed,Shared appliances,1262.0,Reserve: 500–999,4<=X<7,4.0,Single adult,No co-sponsor,3.0,Long-term fund,36.0,None,Own housing,2.0,Skilled volunteer,1.0,Has phone,Newcomer,good
628,Points 0–199,9.0,All roles on time,Transport (new),1437.0,Reserve: 100–499,4<=X<7,2.0,Single adult,No co-sponsor,3.0,No tangible assets,29.0,None,Own housing,1.0,Skilled volunteer,1.0,No phone,Newcomer,bad
689,No points account,9.0,Previous roles completed,Communications equipment,2753.0,Reserve: 100–499,>=7,3.0,Single adult,Co-gardener sponsor,4.0,Shared tools,35.0,None,Own housing,1.0,Skilled volunteer,1.0,Has phone,Newcomer,good
462,Points negative,15.0,Previous roles completed,Transport (new),1721.0,Reserve: <100,<1,2.0,Single adult,No co-sponsor,3.0,Community plot share,36.0,None,Own housing,1.0,Skilled volunteer,1.0,No phone,Newcomer,good
362,Points 200+,12.0,Previous roles completed,Communications equipment,3399.0,No reserve,>=7,2.0,Single adult,No co-sponsor,3.0,Shared tools,37.0,None,Own housing,1.0,Highly skilled / lead,1.0,No phone,Newcomer,good
361,Points 0–199,18.0,Previous roles completed,Training / education,1239.0,No reserve,1<=X<4,4.0,Single adult,No co-sponsor,4.0,No tangible assets,61.0,None,Hosted / no rent,1.0,Skilled volunteer,1.0,No phone,Newcomer,good
536,Points 200+,21.0,Issues on prior roles,Training / education,2319.0,Reserve: <100,<1,2.0,Recently separated household,No co-sponsor,1.0,Shared tools,33.0,None,Rented housing,1.0,Skilled volunteer,1.0,No phone,Newcomer,bad
345,Points 200+,10.0,Previous roles completed,Transport (new),3949.0,Reserve: <100,<1,1.0,Single adult,Mentor sponsor,1.0,Long-term fund,37.0,None,Own housing,1.0,Unskilled resident,2.0,No phone,Newcomer,good
548,No points account,24.0,Previous roles completed,Communications equipment,1552.0,Reserve: <100,4<=X<7,3.0,Single adult,No co-sponsor,1.0,Shared tools,32.0,Partner bank,Own housing,1.0,Skilled volunteer,2.0,No phone,Newcomer,good
401,No points account,18.0,Previous roles completed,Communications equipment,1473.0,Reserve: <100,<1,3.0,Committed/shared household,No co-sponsor,4.0,Community plot share,39.0,None,Own housing,1.0,Skilled volunteer,1.0,Has phone,Newcomer,good
186,No points account,15.0,Issues on prior roles,Communications equipment,1360.0,Reserve: <100,1<=X<4,4.0,Single adult,No co-sponsor,2.0,Long-term fund,31.0,None,Own housing,2.0,Skilled volunteer,1.0,No phone,Newcomer,good
886,Points negative,12.0,Previous roles completed,Training / education,795.0,Reserve: <100,<1,4.0,Adult w/ dependents or shared household,No co-sponsor,4.0,Long-term fund,53.0,None,Own housing,1.0,Skilled volunteer,1.0,No phone,Newcomer,bad
673,No points account,60.0,Previous roles completed,Transport (new),10366.0,Reserve: <100,>=7,2.0,Single adult,No co-sponsor,4.0,Long-term fund,42.0,None,Own housing,1.0,Highly skilled / lead,1.0,Has phone,Newcomer,good
950,No points account,24.0,Previous roles completed,Communications equipment,3621.0,Reserve: 100–499,>=7,2.0,Single adult,No co-sponsor,4.0,Shared tools,31.0,None,Own housing,2.0,Skilled volunteer,1.0,No phone,Newcomer,bad
407,No points account,24.0,Issues on prior roles,Transport (used),2197.0,No reserve,4<=X<7,4.0,Single adult,No co-sponsor,4.0,Shared tools,43.0,None,Own housing,2.0,Skilled volunteer,2.0,Has phone,Newcomer,good
597,Points negative,24.0,Previous roles completed,Transport (new),1442.0,Reserve: <100,4<=X<7,4.0,Adult w/ dependents or shared household,No co-sponsor,4.0,Shared tools,23.0,None,Rented housing,2.0,Skilled volunteer,1.0,No phone,Newcomer,bad
982,No points account,48.0,Previous roles completed,Microenterprise support,4844.0,Reserve: <100,unemployed,3.0,Single adult,No co-sponsor,2.0,Shared tools,33.0,Partner bank,Rented housing,1.0,Highly skilled / lead,1.0,Has phone,Newcomer,bad
881,No points account,24.0,Previous roles completed,Transport (used),7814.0,Reserve: <100,4<=X<7,3.0,Single adult,No co-sponsor,3.0,Shared tools,38.0,None,Own housing,1.0,Highly skilled / lead,1.0,Has phone,Newcomer,good
325,No points account,18.0,Issues on prior roles,Transport (new),1028.0,Reserve: <100,1<=X<4,4.0,Adult w/ dependents or shared household,No co-sponsor,3.0,Community plot share,36.0,None,Own housing,2.0,Skilled volunteer,1.0,No phone,Newcomer,good
719,Points 200+,24.0,Issues on prior roles,Communications equipment,3148.0,No reserve,1<=X<4,3.0,Single adult,No co-sponsor,2.0,Shared tools,31.0,None,Own housing,2.0,Skilled volunteer,1.0,Has phone,Newcomer,good
154,Points 0–199,24.0,Issues on prior roles,Transport (used),7758.0,Reserve: ≥1000,>=7,2.0,Adult w/ dependents or shared household,No co-sponsor,4.0,No tangible assets,29.0,None,Rented housing,1.0,Skilled volunteer,1.0,No phone,Newcomer,good
820,Points negative,18.0,Previous roles completed,Communications equipment,1345.0,Reserve: <100,1<=X<4,4.0,Committed/shared household,No co-sponsor,3.0,Community plot share,26.0,Partner bank,Own housing,1.0,Skilled volunteer,1.0,No phone,Newcomer,bad
596,Points 0–199,6.0,All roles on time,Transport (new),931.0,Reserve: 100–499,<1,1.0,Adult w/ dependents or shared household,No co-sponsor,1.0,Long-term fund,32.0,Partner stores,Own housing,1.0,Unskilled resident,1.0,No phone,Newcomer,bad
385,No points account,30.0,Delayed in prior commitments,Microenterprise support,4272.0,Reserve: 100–499,1<=X<4,2.0,Single adult,No co-sponsor,2.0,Long-term fund,26.0,None,Own housing,2.0,Unskilled resident,1.0,No phone,Newcomer,good
460,No points account,18.0,Previous roles completed,Communications equipment,4594.0,Reserve: <100,<1,3.0,Single adult,No co-sponsor,2.0,Shared tools,32.0,None,Own housing,1.0,Skilled volunteer,1.0,Has phone,Newcomer,good
745,Points negative,39.0,Issues on prior roles,Workshop equipment,14179.0,No reserve,4<=X<7,4.0,Single adult,No co-sponsor,4.0,Long-term fund,30.0,None,Own housing,2.0,Highly skilled / lead,1.0,Has phone,Newcomer,good
57,Points 0–199,12.0,Previous roles completed,Communications equipment,6468.0,No reserve,unemployed,2.0,Single adult,No co-sponsor,1.0,No tangible assets,52.0,None,Own housing,1.0,Highly skilled / lead,1.0,Has phone,Newcomer,bad
482,Points 0–199,24.0,Previous roles completed,Transport (new),1201.0,Reserve: <100,<1,4.0,Single adult,No co-sponsor,1.0,Long-term fund,26.0,None,Own housing,1.0,Skilled volunteer,1.0,No phone,Newcomer,good
336,Points negative,6.0,Issues on prior roles,Workshop equipment,3384.0,Reserve: <100,1<=X<4,1.0,Recently separated household,No co-sponsor,4.0,Community plot share,44.0,None,Rented housing,1.0,Highly skilled / lead,1.0,Has phone,Newcomer,bad
103,No points account,6.0,Delayed in prior commitments,Communications equipment,932.0,Reserve: <100,1<=X<4,3.0,Adult w/ dependents or shared household,No co-sponsor,2.0,Community plot share,24.0,None,Own housing,1.0,Skilled volunteer,1.0,No phone,Newcomer,good
856,No points account,24.0,Previous roles completed,Transport (new),1474.0,Reserve: 100–499,<1,4.0,Committed/shared household,No co-sponsor,3.0,Community plot share,33.0,None,Own housing,1.0,Skilled volunteer,1.0,Has phone,Newcomer,good
487,No points account,12.0,Previous roles completed,Communications equipment,3077.0,Reserve: <100,1<=X<4,2.0,Single adult,No co-sponsor,4.0,Shared tools,52.0,None,Own housing,1.0,Skilled volunteer,1.0,Has phone,Newcomer,good
120,Points 0–199,12.0,Issues on prior roles,Transport (new),2366.0,Reserve: 500–999,4<=X<7,3.0,Recently separated household,No co-sponsor,3.0,Shared tools,36.0,None,Own housing,1.0,Highly skilled / lead,1.0,Has phone,Newcomer,good
88,Points 0–199,36.0,Previous roles completed,Training / education,12612.0,Reserve: 100–499,1<=X<4,1.0,Single adult,No co-sponsor,4.0,No tangible assets,47.0,None,Hosted / no rent,1.0,Skilled volunteer,2.0,Has phone,Newcomer,bad
962,Points 0–199,21.0,Delayed in prior commitments,Transport (new),2353.0,Reserve: <100,1<=X<4,1.0,Recently separated household,No co-sponsor,4.0,Long-term fund,47.0,None,Own housing,2.0,Skilled volunteer,1.0,No phone,Newcomer,good
49,No points account,11.0,Issues on prior roles,Transport (new),7228.0,Reserve: <100,1<=X<4,1.0,Single adult,No co-sponsor,4.0,Long-term fund,39.0,None,Own housing,2.0,Unskilled resident,1.0,No phone,Newcomer,good
261,Points negative,12.0,Previous roles completed,Workshop equipment,1657.0,Reserve: <100,1<=X<4,2.0,Single adult,No co-sponsor,2.0,Community plot share,27.0,None,Own housing,1.0,Skilled volunteer,1.0,No phone,Newcomer,good
830,Points 0–199,48.0,Delayed in prior commitments,Microenterprise support,6681.0,No reserve,1<=X<4,4.0,Single adult,No co-sponsor,4.0,No tangible assets,38.0,None,Hosted / no rent,1.0,Skilled volunteer,2.0,Has phone,Newcomer,good
703,Points 200+,24.0,Previous roles completed,Communications equipment,1377.0,Reserve: 100–499,>=7,4.0,Adult w/ dependents or shared household,No co-sponsor,2.0,No tangible assets,47.0,None,Hosted / no rent,1.0,Skilled volunteer,1.0,Has phone,Newcomer,good
686,No points account,60.0,Previous roles completed,Transport (new),6527.0,No reserve,1<=X<4,4.0,Single adult,No co-sponsor,4.0,No tangible assets,34.0,None,Hosted / no rent,1.0,Skilled volunteer,2.0,Has phone,Newcomer,good
30,Points negative,60.0,Delayed in prior commitments,Microenterprise support,6836.0,Reserve: <100,>=7,3.0,Single adult,No co-sponsor,4.0,No tangible assets,63.0,None,Own housing,2.0,Skilled volunteer,1.0,Has phone,Newcomer,bad
198,Points 0–199,12.0,Previous roles completed,Workshop equipment,951.0,Reserve: 100–499,<1,4.0,Adult w/ dependents or shared household,No co-sponsor,4.0,Shared tools,27.0,Partner bank,Rented housing,4.0,Skilled volunteer,1.0,No phone,Newcomer,bad
614,Points negative,24.0,All roles on time,Transport (used),3632.0,Reserve: <100,1<=X<4,1.0,Adult w/ dependents or shared household,Mentor sponsor,4.0,Shared tools,22.0,Partner bank,Rented housing,1.0,Skilled volunteer,1.0,No phone,Local resident,good
639,No points account,12.0,Previous roles completed,Communications equipment,1493.0,Reserve: <100,<1,4.0,Adult w/ dependents or shared household,No co-sponsor,3.0,Shared tools,34.0,None,Own housing,1.0,Skilled volunteer,2.0,No phone,Newcomer,good
147,Points negative,6.0,Issues on prior roles,Transport (new),860.0,Reserve: <100,>=7,1.0,Adult w/ dependents or shared household,No co-sponsor,4.0,No tangible assets,39.0,None,Own housing,2.0,Skilled volunteer,1.0,Has phone,Newcomer,good
246,No points account,24.0,Previous roles completed,Microenterprise support,1258.0,Reserve: <100,4<=X<7,4.0,Single adult,No co-sponsor,1.0,Community plot share,25.0,None,Own housing,1.0,Skilled volunteer,1.0,Has phone,Newcomer,good
308,Points negative,12.0,Previous roles completed,Communications equipment,727.0,Reserve: 100–499,<1,4.0,Committed/shared household,No co-sponsor,3.0,No tangible assets,33.0,None,Own housing,1.0,Unskilled resident,1.0,Has phone,Newcomer,bad
117,Points negative,42.0,Previous roles completed,Communications equipment,7174.0,No reserve,4<=X<7,4.0,Adult w/ dependents or shared household,No co-sponsor,3.0,Shared tools,30.0,None,Own housing,1.0,Highly skilled / lead,1.0,Has phone,Newcomer,bad
892,No points account,15.0,Issues on prior roles,Communications equipment,1829.0,Reserve: <100,>=7,4.0,Single adult,No co-sponsor,4.0,Shared tools,46.0,None,Own housing,2.0,Skilled volunteer,1.0,Has phone,Newcomer,good
416,No points account,36.0,Issues on prior roles,Transport (used),5842.0,Reserve: <100,>=7,2.0,Single adult,No co-sponsor,2.0,Long-term fund,35.0,None,Own housing,2.0,Skilled volunteer,2.0,Has phone,Newcomer,good
170,Points 0–199,24.0,Issues on prior roles,Microenterprise support,1935.0,Reserve: <100,>=7,4.0,Recently separated household,No co-sponsor,4.0,Community plot share,31.0,None,Own housing,2.0,Skilled volunteer,1.0,Has phone,Newcomer,bad
265,No points account,10.0,Issues on prior roles,Transport (new),1231.0,Reserve: <100,>=7,3.0,Single adult,No co-sponsor,4.0,Community plot share,32.0,None,Own housing,2.0,Unskilled resident,2.0,No phone,Local resident,good
16,Points negative,24.0,Previous roles completed,Communications equipment,1282.0,Reserve: 100–499,1<=X<4,4.0,Adult w/ dependents or shared household,No co-sponsor,2.0,Shared tools,32.0,None,Own housing,1.0,Unskilled resident,1.0,No phone,Newcomer,bad
966,Points 0–199,30.0,Previous roles completed,Communications equipment,1715.0,No reserve,1<=X<4,4.0,Adult w/ dependents or shared household,No co-sponsor,1.0,Shared tools,26.0,None,Own housing,1.0,Skilled volunteer,1.0,No phone,Newcomer,good
216,Points 0–199,6.0,Issues on prior roles,Retraining,932.0,No reserve,4<=X<7,1.0,Adult w/ dependents or shared household,No co-sponsor,3.0,Long-term fund,39.0,None,Own housing,2.0,Unskilled resident,1.0,No phone,Newcomer,good
633,Points 0–199,15.0,Previous roles completed,Communications equipment,1444.0,No reserve,<1,4.0,Single adult,No co-sponsor,1.0,Long-term fund,23.0,None,Own housing,1.0,Skilled volunteer,1.0,No phone,Newcomer,good
46,No points account,11.0,Issues on prior roles,Transport (new),1393.0,Reserve: <100,<1,4.0,Adult w/ dependents or shared household,No co-sponsor,4.0,Shared tools,35.0,None,Own housing,2.0,Highly skilled / lead,1.0,No phone,Newcomer,good
759,No points account,24.0,Previous roles completed,Transport (new),1393.0,Reserve: <100,1<=X<4,2.0,Single adult,Mentor sponsor,2.0,Community plot share,31.0,None,Own housing,1.0,Skilled volunteer,1.0,Has phone,Newcomer,good
99,Points 0–199,36.0,Issues on prior roles,Communications equipment,2337.0,Reserve: <100,>=7,4.0,Single adult,No co-sponsor,4.0,Community plot share,36.0,None,Own housing,1.0,Skilled volunteer,1.0,No phone,Newcomer,good
961,No points account,6.0,Issues on prior roles,Communications equipment,1740.0,Reserve: <100,>=7,2.0,Committed/shared household,No co-sponsor,2.0,Community plot share,30.0,None,Rented housing,2.0,Skilled volunteer,1.0,No phone,Newcomer,good
386,No points account,18.0,Issues on prior roles,Communications equipment,2238.0,Reserve: <100,1<=X<4,2.0,Adult w/ dependents or shared household,No co-sponsor,1.0,Shared tools,25.0,None,Own housing,2.0,Skilled volunteer,1.0,No phone,Newcomer,good
357,No points account,12.0,Issues on prior roles,Communications equipment,2331.0,No reserve,>=7,1.0,Single adult,Co-gardener sponsor,4.0,Community plot share,49.0,None,Own housing,1.0,Skilled volunteer,1.0,Has phone,Newcomer,good
583,No points account,9.0,Previous roles completed,Workshop equipment,1388.0,Reserve: <100,1<=X<4,4.0,Adult w/ dependents or shared household,No co-sponsor,2.0,Community plot share,26.0,None,Rented housing,1.0,Skilled volunteer,1.0,No phone,Newcomer,good
64,Points 0–199,48.0,No prior roles / all on time,Microenterprise support,14421.0,Reserve: <100,1<=X<4,2.0,Single adult,No co-sponsor,2.0,Shared tools,25.0,None,Own housing,1.0,Skilled volunteer,1.0,Has phone,Newcomer,bad
248,No points account,6.0,No prior roles / all on time,Transport (new),1204.0,Reserve: 100–499,1<=X<4,4.0,Single adult,No co-sponsor,1.0,No tangible assets,35.0,Partner bank,Rented housing,1.0,Skilled volunteer,1.0,No phone,Local resident,good
777,No points account,36.0,Issues on prior roles,Transport (new),3535.0,Reserve: <100,4<=X<7,4.0,Single adult,No co-sponsor,4.0,Shared tools,37.0,None,Own housing,2.0,Skilled volunteer,1.0,Has phone,Newcomer,good
690,Points negative,12.0,Previous roles completed,Transport (new),3651.0,Reserve: ≥1000,1<=X<4,1.0,Single adult,No co-sponsor,3.0,Long-term fund,31.0,None,Own housing,1.0,Skilled volunteer,2.0,No phone,Newcomer,good
355,No points account,10.0,Previous roles completed,Training / education,727.0,Reserve: 500–999,>=7,4.0,Single adult,No co-sponsor,4.0,No tangible assets,46.0,None,Hosted / no rent,1.0,Skilled volunteer,1.0,Has phone,Newcomer,good
41,No points account,30.0,Previous roles completed,Communications equipment,2333.0,Reserve: 500–999,>=7,4.0,Single adult,No co-sponsor,2.0,Shared tools,30.0,Partner bank,Own housing,1.0,Highly skilled / lead,1.0,No phone,Newcomer,good
873,Points negative,24.0,Issues on prior roles,Microenterprise support,1382.0,Reserve: 100–499,4<=X<7,4.0,Single adult,No co-sponsor,1.0,Community plot share,26.0,None,Own housing,2.0,Skilled volunteer,1.0,Has phone,Newcomer,good
127,Points negative,12.0,Previous roles completed,Communications equipment,701.0,Reserve: <100,1<=X<4,4.0,Committed/shared household,No co-sponsor,2.0,Community plot share,40.0,None,Own housing,1.0,Unskilled resident,1.0,No phone,Newcomer,good
329,Points 200+,36.0,Previous roles completed,Communications equipment,4473.0,Reserve: <100,>=7,4.0,Single adult,No co-sponsor,2.0,Shared tools,31.0,None,Own housing,1.0,Skilled volunteer,1.0,No phone,Newcomer,good
544,Points 200+,18.0,Previous roles completed,Workshop equipment,2864.0,Reserve: <100,1<=X<4,2.0,Single adult,No co-sponsor,1.0,Community plot share,34.0,None,Own housing,1.0,Unskilled resident,2.0,No phone,Newcomer,bad
774,No points account,24.0,Issues on prior roles,Communications equipment,2223.0,Reserve: 100–499,>=7,4.0,Single adult,No co-sponsor,4.0,Long-term fund,52.0,Partner bank,Own housing,2.0,Skilled volunteer,1.0,No phone,Newcomer,good
527,No points account,15.0,Issues on prior roles,Training / education,1532.0,Reserve: 100–499,1<=X<4,4.0,Adult w/ dependents or shared household,No co-sponsor,3.0,Shared tools,31.0,None,Own housing,1.0,Skilled volunteer,1.0,No phone,Newcomer,good
821,No points account,12.0,Previous roles completed,Transport (new),1101.0,Reserve: <100,1<=X<4,3.0,Committed/shared household,No co-sponsor,2.0,Community plot share,27.0,None,Own housing,2.0,Skilled volunteer,1.0,Has phone,Newcomer,good
266,Points 0–199,15.0,Previous roles completed,Communications equipment,802.0,Reserve: <100,>=7,4.0,Single adult,No co-sponsor,3.0,Shared tools,37.0,None,Own housing,1.0,Skilled volunteer,2.0,No phone,Newcomer,bad
534,No points account,24.0,Previous roles completed,Communications equipment,1311.0,Reserve: 100–499,4<=X<7,4.0,Committed/shared household,No co-sponsor,3.0,Long-term fund,26.0,None,Own housing,1.0,Skilled volunteer,1.0,Has phone,Newcomer,good
114,No points account,36.0,Issues on prior roles,Transport (new),7855.0,Reserve: <100,1<=X<4,4.0,Adult w/ dependents or shared household,No co-sponsor,2.0,Community plot share,25.0,Partner stores,Own housing,2.0,Skilled volunteer,1.0,Has phone,Newcomer,bad
438,No points account,24.0,Issues on prior roles,Transport (new),1287.0,Reserve: ≥1000,>=7,4.0,Adult w/ dependents or shared household,No co-sponsor,4.0,Community plot share,37.0,None,Own housing,2.0,Skilled volunteer,1.0,Has phone,Newcomer,good
582,Points 0–199,12.0,Issues on prior roles,Transport (new),3124.0,Reserve: <100,<1,1.0,Single adult,No co-sponsor,3.0,Community plot share,49.0,Partner bank,Own housing,2.0,Unskilled resident,2.0,No phone,Newcomer,good
919,Points negative,24.0,Previous roles completed,Workshop equipment,2359.0,Reserve: 100–499,unemployed,1.0,Recently separated household,No co-sponsor,1.0,Long-term fund,33.0,None,Own housing,1.0,Skilled volunteer,1.0,No phone,Newcomer,bad
169,No points account,24.0,Previous roles completed,Workshop equipment,3972.0,Reserve: <100,4<=X<7,2.0,Adult w/ dependents or shared household,No co-sponsor,4.0,Long-term fund,25.0,None,Rented housing,1.0,Skilled volunteer,1.0,Has phone,Newcomer,good
402,Points 0–199,18.0,Issues on prior roles,Microenterprise support,1887.0,No reserve,1<=X<4,4.0,Committed/shared household,No co-sponsor,4.0,Community plot share,28.0,Partner bank,Own housing,2.0,Skilled volunteer,1.0,No phone,Newcomer,good
340,Points 0–199,10.0,Previous roles completed,Workshop equipment,1521.0,Reserve: <100,1<=X<4,4.0,Recently separated household,No co-sponsor,2.0,Shared tools,31.0,None,Own housing,1.0,Unskilled resident,1.0,No phone,Newcomer,good
707,Points 0–199,48.0,Previous roles completed,Transport (new),6560.0,Reserve: 100–499,4<=X<7,3.0,Single adult,No co-sponsor,2.0,Long-term fund,24.0,None,Own housing,1.0,Skilled volunteer,1.0,No phone,Newcomer,bad
359,No points account,12.0,Previous roles completed,Communications equipment,776.0,Reserve: <100,1<=X<4,4.0,Committed/shared household,No co-sponsor,2.0,Community plot share,28.0,None,Own housing,1.0,Skilled volunteer,1.0,No phone,Newcomer,good
910,Points 0–199,9.0,Previous roles completed,Transport (new),3195.0,No reserve,1<=X<4,1.0,Adult w/ dependents or shared household,No co-sponsor,2.0,Community plot share,33.0,None,Own housing,1.0,Unskilled resident,1.0,No phone,Newcomer,good
824,Points negative,8.0,Issues on prior roles,Transport (new),731.0,Reserve: <100,>=7,4.0,Single adult,No co-sponsor,4.0,Community plot share,47.0,None,Own housing,2.0,Unskilled resident,1.0,No phone,Newcomer,good
174,Points 0–199,8.0,Previous roles completed,Communications equipment,1414.0,Reserve: <100,1<=X<4,4.0,Single adult,Mentor sponsor,2.0,Community plot share,33.0,None,Own housing,1.0,Skilled volunteer,1.0,No phone,Local resident,good
346,No points account,15.0,Issues on prior roles,Communications equipment,1459.0,Reserve: <100,1<=X<4,4.0,Adult w/ dependents or shared household,No co-sponsor,2.0,Shared tools,43.0,None,Own housing,1.0,Unskilled resident,1.0,No phone,Newcomer,good
21,No points account,9.0,Issues on prior roles,Transport (new),2134.0,Reserve: <100,1<=X<4,4.0,Single adult,No co-sponsor,4.0,Shared tools,48.0,None,Own housing,3.0,Skilled volunteer,1.0,Has phone,Newcomer,good
324,Points negative,18.0,Previous roles completed,Workshop equipment,2659.0,Reserve: ≥1000,1<=X<4,4.0,Single adult,No co-sponsor,2.0,Shared tools,28.0,None,Own housing,1.0,Skilled volunteer,1.0,No phone,Newcomer,good
11,Points 0–199,12.0,Previous roles completed,Transport (new),1295.0,Reserve: <100,<1,3.0,Adult w/ dependents or shared household,No co-sponsor,1.0,Shared tools,25.0,None,Rented housing,1.0,Skilled volunteer,1.0,No phone,Newcomer,bad
622,No points account,18.0,Issues on prior roles,Transport (new),1530.0,Reserve: <100,1<=X<4,3.0,Single adult,No co-sponsor,2.0,Long-term fund,32.0,Partner bank,Own housing,2.0,Skilled volunteer,1.0,No phone,Newcomer,bad
192,Points 0–199,48.0,No prior roles / all on time,Microenterprise support,3844.0,Reserve: 100–499,4<=X<7,4.0,Single adult,No co-sponsor,4.0,No tangible assets,34.0,None,Hosted / no rent,1.0,Unskilled resident,2.0,No phone,Newcomer,bad
843,No points account,18.0,Previous roles completed,Plot repairs,1943.0,Reserve: <100,<1,4.0,Adult w/ dependents or shared household,No co-sponsor,4.0,Community plot share,23.0,None,Own housing,1.0,Skilled volunteer,1.0,No phone,Newcomer,bad
770,No points account,12.0,Issues on prior roles,Communications equipment,1655.0,Reserve: <100,>=7,2.0,Single adult,No co-sponsor,4.0,Community plot share,63.0,None,Own housing,2.0,Unskilled resident,1.0,Has phone,Newcomer,good
927,Points negative,18.0,Issues on prior roles,Workshop equipment,1049.0,Reserve: <100,<1,4.0,Adult w/ dependents or shared household,No co-sponsor,4.0,Long-term fund,21.0,None,Rented housing,1.0,Skilled volunteer,1.0,No phone,Newcomer,good
203,No points account,27.0,Delayed in prior commitments,Microenterprise support,5117.0,Reserve: <100,4<=X<7,3.0,Single adult,No co-sponsor,4.0,Shared tools,26.0,None,Own housing,2.0,Skilled volunteer,1.0,No phone,Newcomer,good
202,Points negative,12.0,Previous roles completed,Transport (new),1168.0,Reserve: <100,1<=X<4,4.0,Committed/shared household,No co-sponsor,3.0,Community plot share,27.0,None,Own housing,1.0,Unskilled resident,1.0,No phone,Newcomer,good
764,No points account,21.0,Issues on prior roles,Transport (new),12680.0,No reserve,>=7,4.0,Single adult,No co-sponsor,4.0,No tangible assets,30.0,None,Hosted / no rent,1.0,Highly skilled / lead,1.0,Has phone,Newcomer,bad
427,No points account,28.0,Issues on prior roles,Communications equipment,2743.0,Reserve: <100,>=7,4.0,Single adult,No co-sponsor,2.0,Shared tools,29.0,None,Own housing,2.0,Skilled volunteer,1.0,No phone,Newcomer,good
738,Points negative,18.0,Previous roles completed,Transport (new),4380.0,Reserve: 100–499,1<=X<4,3.0,Single adult,No co-sponsor,4.0,Shared tools,35.0,None,Own housing,1.0,Unskilled resident,2.0,Has phone,Newcomer,good
675,No points account,21.0,Delayed in prior commitments,Microenterprise support,2580.0,Reserve: 500–999,<1,4.0,Single adult,No co-sponsor,2.0,Community plot share,41.0,Partner bank,Own housing,1.0,Unskilled resident,2.0,No phone,Newcomer,bad
980,Points 0–199,15.0,All roles on time,Transport (new),1264.0,Reserve: 100–499,1<=X<4,2.0,Committed/shared household,No co-sponsor,2.0,Long-term fund,25.0,None,Rented housing,1.0,Skilled volunteer,1.0,No phone,Newcomer,bad
60,Points negative,36.0,Issues on prior roles,Workshop equipment,6229.0,Reserve: <100,<1,4.0,Adult w/ dependents or shared household,Co-gardener sponsor,4.0,No tangible assets,23.0,None,Rented housing,2.0,Unskilled resident,1.0,Has phone,Newcomer,bad
522,Points negative,18.0,Previous roles completed,Communications equipment,3190.0,Reserve: <100,1<=X<4,2.0,Adult w/ dependents or shared household,No co-sponsor,2.0,Community plot share,24.0,None,Own housing,1.0,Skilled volunteer,1.0,No phone,Newcomer,bad
333,Points 0–199,60.0,Previous roles completed,Transport (new),7408.0,Reserve: 100–499,<1,4.0,Adult w/ dependents or shared household,No co-sponsor,2.0,Long-term fund,24.0,None,Own housing,1.0,Highly skilled / lead,1.0,No phone,Newcomer,bad
32,Points negative,24.0,Previous roles completed,Workshop equipment,4020.0,Reserve: <100,1<=X<4,2.0,Single adult,No co-sponsor,2.0,Shared tools,27.0,Partner stores,Own housing,1.0,Skilled volunteer,1.0,No phone,Newcomer,good
18,Points negative,30.0,No prior roles / all on time,Microenterprise support,8072.0,No reserve,<1,2.0,Single adult,No co-sponsor,3.0,Shared tools,25.0,Partner bank,Own housing,3.0,Skilled volunteer,1.0,No phone,Newcomer,good
429,No points account,9.0,Previous roles completed,Workshop equipment,1313.0,Reserve: <100,>=7,1.0,Single adult,No co-sponsor,4.0,Shared tools,20.0,None,Own housing,1.0,Skilled volunteer,1.0,No phone,Newcomer,good
158,Points negative,12.0,All roles on time,Retraining,339.0,Reserve: <100,>=7,4.0,Committed/shared household,No co-sponsor,1.0,Shared tools,45.0,Partner bank,Own housing,1.0,Unskilled resident,1.0,No phone,Newcomer,good
238,Points 0–199,21.0,Previous roles completed,Microenterprise support,2767.0,Reserve: 100–499,>=7,4.0,Recently separated household,No co-sponsor,2.0,Shared tools,61.0,Partner bank,Rented housing,2.0,Unskilled resident,1.0,No phone,Newcomer,bad
397,Points negative,12.0,Previous roles completed,Workshop equipment,2578.0,Reserve: <100,unemployed,3.0,Adult w/ dependents or shared household,No co-sponsor,4.0,No tangible assets,55.0,None,Hosted / no rent,1.0,Highly skilled / lead,1.0,No phone,Newcomer,good
119,Points negative,33.0,Issues on prior roles,Workshop equipment,4281.0,Reserve: 500–999,1<=X<4,1.0,Adult w/ dependents or shared household,No co-sponsor,4.0,Shared tools,23.0,None,Own housing,2.0,Skilled volunteer,1.0,No phone,Newcomer,bad
19,Points 0–199,24.0,Previous roles completed,Transport (used),12579.0,Reserve: <100,>=7,4.0,Adult w/ dependents or shared household,No co-sponsor,2.0,No tangible assets,44.0,None,Hosted / no rent,1.0,Highly skilled / lead,1.0,Has phone,Newcomer,bad
877,Points negative,18.0,All roles on time,Communications equipment,1940.0,Reserve: <100,<1,3.0,Single adult,Co-gardener sponsor,4.0,No tangible assets,36.0,Partner bank,Hosted / no rent,1.0,Highly skilled / lead,1.0,Has phone,Newcomer,good
632,Points negative,18.0,All roles on time,Workshop equipment,1553.0,Reserve: <100,1<=X<4,4.0,Single adult,No co-sponsor,3.0,Shared tools,44.0,Partner bank,Own housing,1.0,Skilled volunteer,1.0,No phone,Newcomer,bad
712,Points negative,6.0,All roles on time,Training / education,1198.0,Reserve: <100,>=7,4.0,Adult w/ dependents or shared household,No co-sponsor,4.0,No tangible assets,35.0,None,Hosted / no rent,1.0,Skilled volunteer,1.0,No phone,Newcomer,bad
82,No points account,15.0,Previous roles completed,Communications equipment,1213.0,Reserve: 500–999,>=7,4.0,Single adult,No co-sponsor,3.0,Long-term fund,47.0,Partner stores,Own housing,1.0,Skilled volunteer,1.0,Has phone,Newcomer,good
969,No points account,42.0,Previous roles completed,Communications equipment,7166.0,No reserve,4<=X<7,2.0,Committed/shared household,No co-sponsor,4.0,Long-term fund,29.0,None,Rented housing,1.0,Skilled volunteer,1.0,Has phone,Newcomer,good
454,No points account,24.0,Previous roles completed,Transport (used),2670.0,Reserve: <100,>=7,4.0,Single adult,No co-sponsor,4.0,Shared tools,35.0,None,Own housing,1.0,Highly skilled / lead,1.0,Has phone,Newcomer,good
349,No points account,6.0,Delayed in prior commitments,Microenterprise support,1743.0,Reserve: 100–499,1<=X<4,1.0,Single adult,No co-sponsor,2.0,Community plot share,34.0,None,Own housing,2.0,Unskilled resident,1.0,No phone,Newcomer,good
85,Points negative,10.0,Previous roles completed,Communications equipment,2315.0,Reserve: <100,>=7,3.0,Single adult,No co-sponsor,4.0,Community plot share,52.0,None,Own housing,1.0,Unskilled resident,1.0,No phone,Newcomer,good
101,No points account,24.0,Previous roles completed,Transport (new),1469.0,Reserve: 100–499,>=7,4.0,Committed/shared household,No co-sponsor,4.0,Community plot share,41.0,None,Rented housing,1.0,Unskilled resident,1.0,No phone,Newcomer,good
822,Points 200+,12.0,Previous roles completed,Communications equipment,3016.0,Reserve: <100,1<=X<4,3.0,Committed/shared household,No co-sponsor,1.0,Shared tools,24.0,None,Own housing,1.0,Skilled volunteer,1.0,No phone,Newcomer,good
137,No points account,27.0,Delayed in prior commitments,Transport (used),8613.0,Reserve: ≥1000,1<=X<4,2.0,Single adult,No co-sponsor,2.0,Shared tools,27.0,None,Own housing,2.0,Skilled volunteer,1.0,No phone,Newcomer,good
9,No points account,12.0,Previous roles completed,Communications equipment,3059.0,Reserve: ≥1000,4<=X<7,2.0,Recently separated household,No co-sponsor,4.0,Community plot share,61.0,None,Own housing,1.0,Unskilled resident,1.0,No phone,Newcomer,good
162,No points account,18.0,Issues on prior roles,Transport (new),1055.0,Reserve: <100,<1,4.0,Adult w/ dependents or shared household,No co-sponsor,1.0,Long-term fund,30.0,None,Own housing,2.0,Skilled volunteer,1.0,No phone,Newcomer,good
808,No points account,12.0,Issues on prior roles,Communications equipment,930.0,No reserve,>=7,4.0,Single adult,No co-sponsor,4.0,Community plot share,65.0,None,Own housing,4.0,Skilled volunteer,1.0,No phone,Newcomer,good
940,No points account,24.0,Issues on prior roles,Transport (used),6842.0,No reserve,1<=X<4,2.0,Single adult,No co-sponsor,4.0,Long-term fund,46.0,None,Own housing,2.0,Highly skilled / lead,2.0,Has phone,Newcomer,good
625,Points negative,18.0,Previous roles completed,Communications equipment,2600.0,Reserve: <100,1<=X<4,4.0,Single adult,No co-sponsor,4.0,No tangible assets,65.0,None,Hosted / no rent,2.0,Skilled volunteer,1.0,No phone,Newcomer,bad
947,Points negative,24.0,All roles on time,Workshop equipment,3349.0,Reserve: 500–999,<1,4.0,Single adult,No co-sponsor,4.0,No tangible assets,30.0,None,Hosted / no rent,1.0,Skilled volunteer,2.0,Has phone,Newcomer,bad
724,Points 0–199,9.0,Previous roles completed,Communications equipment,790.0,Reserve: 500–999,1<=X<4,4.0,Adult w/ dependents or shared household,No co-sponsor,3.0,Community plot share,66.0,None,Own housing,1.0,Unskilled resident,1.0,No phone,Newcomer,good
895,No points account,18.0,Issues on prior roles,Communications equipment,1169.0,No reserve,1<=X<4,4.0,Single adult,No co-sponsor,3.0,Long-term fund,29.0,None,Own housing,2.0,Skilled volunteer,1.0,Has phone,Newcomer,good
687,Points 200+,10.0,Issues on prior roles,Communications equipment,1347.0,No reserve,4<=X<7,4.0,Single adult,No co-sponsor,2.0,Long-term fund,27.0,None,Own housing,2.0,Skilled volunteer,1.0,Has phone,Newcomer,good
960,Points 0–199,24.0,Previous roles completed,Workshop equipment,3069.0,Reserve: 100–499,>=7,4.0,Single adult,No co-sponsor,4.0,No tangible assets,30.0,None,Hosted / no rent,1.0,Skilled volunteer,1.0,No phone,Newcomer,good
381,Points negative,20.0,Previous roles completed,Workshop equipment,2212.0,No reserve,4<=X<7,4.0,Single adult,No co-sponsor,4.0,Shared tools,39.0,None,Own housing,1.0,Skilled volunteer,1.0,Has phone,Newcomer,good
370,Points 0–199,18.0,Previous roles completed,Workshop equipment,3001.0,Reserve: <100,4<=X<7,2.0,Adult w/ dependents or shared household,No co-sponsor,4.0,Community plot share,40.0,None,Rented housing,1.0,Skilled volunteer,1.0,No phone,Newcomer,good
211,No points account,9.0,Issues on prior roles,Communications equipment,3074.0,No reserve,1<=X<4,1.0,Single adult,No co-sponsor,2.0,Community plot share,33.0,None,Own housing,2.0,Skilled volunteer,2.0,No phone,Newcomer,good
483,Points negative,30.0,Previous roles completed,Workshop equipment,3622.0,Reserve: ≥1000,>=7,4.0,Adult w/ dependents or shared household,No co-sponsor,4.0,Long-term fund,57.0,None,Rented housing,2.0,Skilled volunteer,1.0,Has phone,Newcomer,good
649,Points 200+,24.0,Previous roles completed,Transport (new),947.0,Reserve: <100,4<=X<7,4.0,Single adult,No co-sponsor,3.0,No tangible assets,38.0,Partner bank,Hosted / no rent,1.0,Skilled volunteer,2.0,No phone,Newcomer,bad
763,Points negative,12.0,Previous roles completed,Communications equipment,2214.0,Reserve: <100,1<=X<4,4.0,Single adult,No co-sponsor,3.0,Long-term fund,24.0,None,Own housing,1.0,Unskilled resident,1.0,No phone,Newcomer,good
990,Points 0–199,24.0,Issues on prior roles,Communications equipment,1743.0,Reserve: <100,>=7,4.0,Single adult,No co-sponsor,2.0,Long-term fund,48.0,None,Own housing,2.0,Unskilled resident,1.0,No phone,Newcomer,good
140,Points 200+,12.0,Previous roles completed,Communications equipment,1881.0,Reserve: <100,1<=X<4,2.0,Adult w/ dependents or shared household,No co-sponsor,2.0,Shared tools,44.0,None,Rented housing,1.0,Unskilled resident,1.0,Has phone,Newcomer,good
247,No points account,12.0,Issues on prior roles,Communications equipment,717.0,Reserve: <100,>=7,4.0,Single adult,No co-sponsor,4.0,Community plot share,52.0,None,Own housing,3.0,Skilled volunteer,1.0,No phone,Newcomer,good
473,Points negative,9.0,Previous roles completed,Transport (new),654.0,Reserve: <100,1<=X<4,4.0,Single adult,No co-sponsor,3.0,Shared tools,28.0,None,Own housing,1.0,Unskilled resident,1.0,No phone,Newcomer,bad
946,Points 0–199,48.0,No prior roles / all on time,Transport (new),8358.0,Reserve: 500–999,<1,1.0,Adult w/ dependents or shared household,No co-sponsor,1.0,Shared tools,30.0,None,Own housing,2.0,Skilled volunteer,1.0,No phone,Newcomer,good
204,Points negative,12.0,Previous roles completed,Retraining,902.0,Reserve: <100,4<=X<7,4.0,Committed/shared household,No co-sponsor,4.0,Long-term fund,21.0,None,Rented housing,1.0,Skilled volunteer,1.0,No phone,Newcomer,bad
263,Points negative,18.0,Issues on prior roles,Transport (new),5302.0,Reserve: <100,>=7,2.0,Single adult,No co-sponsor,4.0,No tangible assets,36.0,None,Hosted / no rent,3.0,Highly skilled / lead,1.0,Has phone,Newcomer,good
440,Points 200+,12.0,All roles on time,Microenterprise support,609.0,Reserve: <100,<1,4.0,Adult w/ dependents or shared household,No co-sponsor,1.0,Community plot share,26.0,None,Own housing,1.0,Unemployed / non-resident unskilled,1.0,No phone,Newcomer,bad
955,Points negative,12.0,Previous roles completed,Transport (new),1893.0,Reserve: <100,1<=X<4,4.0,Adult w/ dependents or shared household,Mentor sponsor,4.0,Long-term fund,29.0,None,Own housing,1.0,Skilled volunteer,1.0,Has phone,Newcomer,good
165,No points account,36.0,Previous roles completed,Transport (new),909.0,Reserve: 500–999,>=7,4.0,Single adult,No co-sponsor,4.0,Long-term fund,36.0,None,Own housing,1.0,Skilled volunteer,1.0,No phone,Newcomer,good
352,Points 0–199,9.0,Previous roles completed,Workshop equipment,959.0,Reserve: <100,1<=X<4,1.0,Adult w/ dependents or shared household,No co-sponsor,2.0,Shared tools,29.0,None,Own housing,1.0,Skilled volunteer,1.0,No phone,Local resident,bad
295,No points account,48.0,Issues on prior roles,Microenterprise support,7629.0,No reserve,>=7,4.0,Recently separated household,No co-sponsor,2.0,Shared tools,46.0,Partner bank,Own housing,2.0,Highly skilled / lead,2.0,No phone,Newcomer,good
629,No points account,42.0,Issues on prior roles,Workshop equipment,4042.0,Reserve: 500–999,1<=X<4,4.0,Single adult,No co-sponsor,4.0,Community plot share,36.0,None,Own housing,2.0,Skilled volunteer,1.0,Has phone,Newcomer,good
377,No points account,18.0,Delayed in prior commitments,Communications equipment,2320.0,Reserve: <100,unemployed,2.0,Committed/shared household,No co-sponsor,3.0,Community plot share,34.0,None,Own housing,2.0,Skilled volunteer,1.0,No phone,Newcomer,good
102,Points 0–199,36.0,Previous roles completed,Communications equipment,2323.0,Reserve: <100,4<=X<7,4.0,Single adult,No co-sponsor,4.0,Shared tools,24.0,None,Rented housing,1.0,Skilled volunteer,1.0,No phone,Newcomer,good
842,No points account,21.0,Delayed in prior commitments,Transport (used),2993.0,Reserve: <100,1<=X<4,3.0,Single adult,No co-sponsor,2.0,Community plot share,28.0,Partner stores,Own housing,2.0,Unskilled resident,1.0,No phone,Newcomer,good
293,Points negative,24.0,Issues on prior roles,Transport (used),6419.0,Reserve: <100,>=7,2.0,Adult w/ dependents or shared household,No co-sponsor,4.0,No tangible assets,44.0,None,Hosted / no rent,2.0,Highly skilled / lead,2.0,Has phone,Newcomer,good
693,Points 0–199,24.0,Previous roles completed,Communications equipment,2896.0,Reserve: 100–499,<1,2.0,Single adult,No co-sponsor,1.0,Shared tools,29.0,None,Own housing,1.0,Skilled volunteer,1.0,No phone,Newcomer,good
439,Points negative,42.0,Issues on prior roles,Plot repairs,3394.0,Reserve: <100,unemployed,4.0,Single adult,Co-gardener sponsor,4.0,Shared tools,65.0,None,Own housing,2.0,Unemployed / non-resident unskilled,1.0,No phone,Newcomer,good
394,Points negative,6.0,Issues on prior roles,Communications equipment,1957.0,Reserve: <100,4<=X<7,1.0,Adult w/ dependents or shared household,No co-sponsor,4.0,Shared tools,31.0,None,Own housing,1.0,Skilled volunteer,1.0,No phone,Newcomer,good
537,Points negative,6.0,Previous roles completed,Transport (new),1374.0,No reserve,unemployed,4.0,Adult w/ dependents or shared household,No co-sponsor,3.0,Long-term fund,75.0,None,Own housing,1.0,Highly skilled / lead,1.0,Has phone,Newcomer,good
259,No points account,15.0,Previous roles completed,Transport (used),3812.0,Reserve: 100–499,<1,1.0,Adult w/ dependents or shared household,No co-sponsor,4.0,Shared tools,23.0,None,Own housing,1.0,Skilled volunteer,1.0,Has phone,Newcomer,good
670,Points 200+,30.0,Issues on prior roles,Communications equipment,3017.0,Reserve: <100,>=7,4.0,Single adult,No co-sponsor,4.0,Long-term fund,47.0,None,Own housing,1.0,Skilled volunteer,1.0,No phone,Newcomer,good
392,Points 0–199,12.0,Previous roles completed,Workshop equipment,983.0,Reserve: ≥1000,<1,1.0,Adult w/ dependents or shared household,No co-sponsor,4.0,Community plot share,19.0,None,Rented housing,1.0,Unskilled resident,1.0,No phone,Newcomer,good
314,Points 0–199,12.0,Previous roles completed,Transport (new),685.0,Reserve: <100,4<=X<7,2.0,Committed/shared household,No co-sponsor,3.0,Shared tools,25.0,Partner bank,Own housing,1.0,Unskilled resident,1.0,No phone,Newcomer,bad
722,Points 0–199,6.0,All roles on time,Training / education,433.0,Reserve: ≥1000,<1,4.0,Adult w/ dependents or shared household,No co-sponsor,2.0,Long-term fund,24.0,Partner bank,Rented housing,1.0,Skilled volunteer,2.0,No phone,Newcomer,bad
650,Points negative,12.0,Previous roles completed,Training / education,684.0,Reserve: <100,1<=X<4,4.0,Single adult,No co-sponsor,4.0,Shared tools,40.0,None,Rented housing,1.0,Unskilled resident,2.0,No phone,Newcomer,bad
757,Points 200+,6.0,Issues on prior roles,Transport (new),1299.0,Reserve: <100,1<=X<4,1.0,Single adult,No co-sponsor,1.0,Community plot share,74.0,None,Own housing,3.0,Unemployed / non-resident unskilled,2.0,No phone,Local resident,good
509,No points account,24.0,Previous roles completed,Communications equipment,1413.0,Reserve: <100,1<=X<4,4.0,Committed/shared household,No co-sponsor,2.0,Long-term fund,28.0,None,Own housing,1.0,Skilled volunteer,1.0,No phone,Newcomer,good
766,Points 0–199,12.0,Previous roles completed,Communications equipment,1155.0,Reserve: <100,>=7,3.0,Committed/shared household,Mentor sponsor,3.0,Community plot share,40.0,Partner bank,Own housing,2.0,Unskilled resident,1.0,No phone,Newcomer,good
630,No points account,9.0,Previous roles completed,Training / education,3832.0,No reserve,>=7,1.0,Single adult,No co-sponsor,4.0,Community plot share,64.0,None,Own housing,1.0,Unskilled resident,1.0,No phone,Newcomer,good
847,No points account,18.0,Previous roles completed,Transport (new),6761.0,No reserve,1<=X<4,2.0,Single adult,No co-sponsor,4.0,Shared tools,68.0,None,Rented housing,2.0,Skilled volunteer,1.0,No phone,Newcomer,bad
917,No points account,10.0,Previous roles completed,Transport (used),2848.0,Reserve: 100–499,1<=X<4,1.0,Single adult,Co-gardener sponsor,2.0,Community plot share,32.0,None,Own housing,1.0,Skilled volunteer,2.0,No phone,Newcomer,good
681,No points account,6.0,Previous roles completed,Training / education,1538.0,Reserve: <100,<1,1.0,Adult w/ dependents or shared household,No co-sponsor,2.0,No tangible assets,56.0,None,Own housing,1.0,Skilled volunteer,1.0,No phone,Newcomer,good
815,Points negative,48.0,Previous roles completed,Transport (new),3931.0,Reserve: <100,4<=X<7,4.0,Single adult,No co-sponsor,4.0,No tangible assets,46.0,None,Hosted / no rent,1.0,Skilled volunteer,2.0,No phone,Newcomer,bad
706,No points account,15.0,Previous roles completed,Transport (new),5324.0,Reserve: 500–999,>=7,1.0,Adult w/ dependents or shared household,No co-sponsor,4.0,No tangible assets,35.0,None,Hosted / no rent,1.0,Skilled volunteer,1.0,No phone,Newcomer,good
461,Points negative,36.0,Previous roles completed,Workshop equipment,3620.0,Reserve: <100,1<=X<4,1.0,Single adult,Mentor sponsor,2.0,Long-term fund,37.0,None,Own housing,1.0,Skilled volunteer,2.0,No phone,Newcomer,good
925,Points negative,24.0,All roles on time,Workshop equipment,6872.0,Reserve: <100,<1,2.0,Recently separated household,No co-sponsor,1.0,Long-term fund,55.0,Partner bank,Own housing,1.0,Skilled volunteer,1.0,Has phone,Newcomer,bad
550,No points account,48.0,Issues on prior roles,Transport (used),8858.0,No reserve,4<=X<7,2.0,Single adult,No co-sponsor,1.0,No tangible assets,35.0,None,Hosted / no rent,2.0,Skilled volunteer,1.0,Has phone,Newcomer,good
788,No points account,48.0,Issues on prior roles,Transport (used),2751.0,No reserve,>=7,4.0,Single adult,No co-sponsor,3.0,Shared tools,38.0,None,Own housing,2.0,Skilled volunteer,2.0,Has phone,Newcomer,good
593,No points account,21.0,Previous roles completed,Microenterprise support,1572.0,Reserve: ≥1000,>=7,4.0,Adult w/ dependents or shared household,No co-sponsor,4.0,Community plot share,36.0,Partner bank,Own housing,1.0,Unskilled resident,1.0,No phone,Newcomer,good
232,No points account,9.0,Previous roles completed,Transport (new),2507.0,Reserve: 500–999,>=7,2.0,Single adult,No co-sponsor,4.0,No tangible assets,51.0,None,Hosted / no rent,1.0,Unskilled resident,1.0,No phone,Newcomer,good
579,Points 0–199,36.0,Issues on prior roles,Transport (new),2820.0,Reserve: <100,<1,4.0,Recently separated household,No co-sponsor,4.0,Shared tools,27.0,None,Own housing,2.0,Skilled volunteer,1.0,No phone,Newcomer,bad
419,No points account,21.0,Previous roles completed,Transport (new),2782.0,Reserve: 500–999,4<=X<7,1.0,Adult w/ dependents or shared household,No co-sponsor,2.0,Shared tools,31.0,Partner bank,Own housing,1.0,Highly skilled / lead,1.0,No phone,Newcomer,good
868,No points account,12.0,Issues on prior roles,Workshop equipment,3331.0,Reserve: <100,>=7,2.0,Single adult,No co-sponsor,4.0,Long-term fund,42.0,Partner stores,Own housing,1.0,Skilled volunteer,1.0,No phone,Newcomer,good
358,No points account,36.0,Delayed in prior commitments,Communications equipment,4463.0,Reserve: <100,1<=X<4,4.0,Single adult,No co-sponsor,2.0,Shared tools,26.0,None,Own housing,2.0,Highly skilled / lead,1.0,Has phone,Newcomer,bad
613,Points negative,21.0,Previous roles completed,Communications equipment,3357.0,Reserve: ≥1000,<1,4.0,Adult w/ dependents or shared household,No co-sponsor,2.0,Shared tools,29.0,Partner bank,Own housing,1.0,Skilled volunteer,1.0,No phone,Newcomer,good
732,Points negative,24.0,Previous roles completed,Communications equipment,1987.0,Reserve: <100,1<=X<4,2.0,Single adult,No co-sponsor,4.0,Community plot share,21.0,None,Rented housing,1.0,Unskilled resident,2.0,No phone,Newcomer,bad
219,Points negative,24.0,Previous roles completed,Workshop equipment,3021.0,Reserve: <100,1<=X<4,2.0,Recently separated household,No co-sponsor,2.0,Community plot share,24.0,None,Rented housing,1.0,Unskilled resident,1.0,No phone,Newcomer,good
574,Points negative,15.0,Previous roles completed,Microenterprise support,806.0,Reserve: <100,1<=X<4,4.0,Adult w/ dependents or shared household,No co-sponsor,4.0,Long-term fund,22.0,None,Own housing,1.0,Unskilled resident,1.0,No phone,Newcomer,good
227,Points 0–199,48.0,Previous roles completed,Communications equipment,10961.0,Reserve: ≥1000,4<=X<7,1.0,Single adult,Co-gardener sponsor,2.0,No tangible assets,27.0,Partner bank,Own housing,2.0,Skilled volunteer,1.0,Has phone,Newcomer,bad
850,Points negative,12.0,Previous roles completed,Communications equipment,709.0,Reserve: <100,>=7,4.0,Single adult,No co-sponsor,4.0,Community plot share,57.0,Partner stores,Own housing,1.0,Unskilled resident,1.0,No phone,Newcomer,bad
467,Points negative,24.0,Delayed in prior commitments,Communications equipment,1659.0,Reserve: <100,<1,4.0,Adult w/ dependents or shared household,No co-sponsor,2.0,Shared tools,29.0,None,Rented housing,1.0,Unskilled resident,1.0,Has phone,Newcomer,bad
867,Points negative,18.0,Previous roles completed,Communications equipment,2389.0,Reserve: <100,<1,4.0,Adult w/ dependents or shared household,No co-sponsor,1.0,Shared tools,27.0,Partner stores,Own housing,1.0,Skilled volunteer,1.0,No phone,Newcomer,good
776,Points negative,24.0,Previous roles completed,Transport (new),1371.0,No reserve,1<=X<4,4.0,Adult w/ dependents or shared household,No co-sponsor,4.0,Community plot share,25.0,None,Rented housing,1.0,Skilled volunteer,1.0,No phone,Newcomer,bad
735,No points account,4.0,Issues on prior roles,Transport (new),3380.0,Reserve: <100,4<=X<7,1.0,Adult w/ dependents or shared household,No co-sponsor,1.0,Community plot share,37.0,None,Own housing,1.0,Skilled volunteer,2.0,No phone,Newcomer,good
270,No points account,24.0,Previous roles completed,Communications equipment,999.0,No reserve,>=7,4.0,Single adult,No co-sponsor,2.0,Shared tools,25.0,None,Own housing,2.0,Skilled volunteer,1.0,No phone,Newcomer,good
615,No points account,18.0,Delayed in prior commitments,Workshop equipment,1808.0,Reserve: <100,4<=X<7,4.0,Adult w/ dependents or shared household,No co-sponsor,1.0,Community plot share,22.0,None,Own housing,1.0,Skilled volunteer,1.0,No phone,Newcomer,bad
510,No points account,39.0,Previous roles completed,Transport (used),8588.0,Reserve: 100–499,>=7,4.0,Single adult,No co-sponsor,2.0,Shared tools,45.0,None,Own housing,1.0,Highly skilled / lead,1.0,Has phone,Newcomer,good
344,Points 0–199,18.0,Previous roles completed,Microenterprise support,4439.0,Reserve: <100,>=7,1.0,Single adult,Co-gardener sponsor,1.0,Community plot share,33.0,Partner bank,Own housing,1.0,Highly skilled / lead,1.0,Has phone,Newcomer,good
479,Points 0–199,12.0,Previous roles completed,Microenterprise support,1037.0,Reserve: 100–499,4<=X<7,3.0,Single adult,No co-sponsor,4.0,Community plot share,39.0,None,Own housing,1.0,Unskilled resident,1.0,No phone,Newcomer,good
25,No points account,10.0,Issues on prior roles,Workshop equipment,2069.0,No reserve,1<=X<4,2.0,Committed/shared household,No co-sponsor,1.0,Shared tools,26.0,None,Own housing,2.0,Skilled volunteer,1.0,No phone,Local resident,good
75,Points negative,36.0,Previous roles completed,Training / education,1977.0,No reserve,>=7,4.0,Single adult,No co-sponsor,4.0,No tangible assets,40.0,None,Own housing,1.0,Highly skilled / lead,1.0,Has phone,Newcomer,bad
575,Points 0–199,9.0,Previous roles completed,Communications equipment,1082.0,Reserve: <100,>=7,4.0,Single adult,No co-sponsor,4.0,Shared tools,27.0,None,Own housing,2.0,Unskilled resident,1.0,No phone,Newcomer,good
899,No points account,15.0,Previous roles completed,Workshop equipment,2186.0,No reserve,4<=X<7,1.0,Adult w/ dependents or shared household,No co-sponsor,4.0,Community plot share,33.0,Partner bank,Rented housing,1.0,Unskilled resident,1.0,No phone,Newcomer,good
76,Points negative,12.0,Issues on prior roles,Transport (used),1526.0,Reserve: <100,>=7,4.0,Single adult,No co-sponsor,4.0,No tangible assets,66.0,None,Hosted / no rent,2.0,Highly skilled / lead,1.0,No phone,Newcomer,good
444,No points account,12.0,Previous roles completed,Training / education,719.0,Reserve: <100,>=7,4.0,Single adult,No co-sponsor,4.0,Shared tools,41.0,Partner bank,Own housing,1.0,Unskilled resident,2.0,No phone,Newcomer,bad
443,Points 0–199,20.0,Delayed in prior commitments,Other project,2629.0,Reserve: <100,1<=X<4,2.0,Single adult,No co-sponsor,3.0,Shared tools,29.0,Partner bank,Own housing,2.0,Skilled volunteer,1.0,Has phone,Newcomer,good
903,No points account,36.0,Issues on prior roles,Transport (used),10477.0,No reserve,>=7,2.0,Single adult,No co-sponsor,4.0,No tangible assets,42.0,None,Hosted / no rent,2.0,Skilled volunteer,1.0,No phone,Newcomer,good
231,Points 200+,36.0,Previous roles completed,Communications equipment,4210.0,Reserve: <100,1<=X<4,4.0,Single adult,No co-sponsor,2.0,Shared tools,26.0,None,Own housing,1.0,Skilled volunteer,1.0,No phone,Newcomer,bad
403,No points account,24.0,Delayed in prior commitments,Microenterprise support,8648.0,Reserve: <100,<1,2.0,Single adult,No co-sponsor,2.0,Shared tools,27.0,Partner bank,Own housing,2.0,Skilled volunteer,1.0,Has phone,Newcomer,bad
350,Points 0–199,9.0,Issues on prior roles,Training / education,1136.0,Reserve: ≥1000,>=7,4.0,Single adult,No co-sponsor,3.0,No tangible assets,32.0,None,Hosted / no rent,2.0,Skilled volunteer,2.0,No phone,Newcomer,bad
765,No points account,24.0,Issues on prior roles,Transport (new),2463.0,Reserve: 100–499,4<=X<7,4.0,Committed/shared household,No co-sponsor,3.0,Long-term fund,27.0,None,Own housing,2.0,Skilled volunteer,1.0,Has phone,Newcomer,good
827,Points negative,18.0,Issues on prior roles,Transport (new),3966.0,Reserve: <100,>=7,1.0,Adult w/ dependents or shared household,No co-sponsor,4.0,Community plot share,33.0,Partner bank,Rented housing,3.0,Skilled volunteer,1.0,Has phone,Newcomer,bad
110,Points 0–199,14.0,Previous roles completed,Microenterprise support,1410.0,Reserve: 500–999,>=7,1.0,Committed/shared household,No co-sponsor,2.0,Community plot share,35.0,None,Own housing,1.0,Skilled volunteer,1.0,Has phone,Newcomer,good
111,Points 0–199,6.0,Delayed in prior commitments,Microenterprise support,1449.0,Reserve: 100–499,>=7,1.0,Recently separated household,No co-sponsor,2.0,Shared tools,31.0,Partner bank,Own housing,2.0,Skilled volunteer,2.0,No phone,Newcomer,good
502,Points negative,36.0,Previous roles completed,Transport (used),5493.0,Reserve: <100,>=7,2.0,Single adult,No co-sponsor,4.0,No tangible assets,42.0,None,Hosted / no rent,1.0,Skilled volunteer,2.0,No phone,Newcomer,good
972,No points account,24.0,Previous roles completed,Transport (new),7393.0,Reserve: <100,1<=X<4,1.0,Single adult,No co-sponsor,4.0,Long-term fund,43.0,None,Own housing,1.0,Unskilled resident,2.0,No phone,Newcomer,good
744,Points negative,24.0,All roles on time,Workshop equipment,2483.0,Reserve: 500–999,1<=X<4,4.0,Single adult,No co-sponsor,4.0,Community plot share,22.0,Partner stores,Own housing,1.0,Skilled volunteer,1.0,Has phone,Newcomer,good
151,No points account,6.0,Previous roles completed,Communications equipment,1346.0,Reserve: 100–499,>=7,2.0,Single adult,No co-sponsor,4.0,No tangible assets,42.0,Partner bank,Hosted / no rent,1.0,Skilled volunteer,2.0,Has phone,Newcomer,good
959,Points negative,28.0,Previous roles completed,Transport (new),4006.0,Reserve: <100,1<=X<4,3.0,Single adult,No co-sponsor,2.0,Shared tools,45.0,None,Own housing,1.0,Unskilled resident,1.0,No phone,Newcomer,bad
605,Points 200+,10.0,Previous roles completed,Workshop equipment,1275.0,Reserve: <100,<1,4.0,Adult w/ dependents or shared household,No co-sponsor,2.0,Long-term fund,23.0,None,Own housing,1.0,Skilled volunteer,1.0,No phone,Newcomer,good
729,Points 0–199,48.0,All roles on time,Microenterprise support,6416.0,Reserve: <100,>=7,4.0,Adult w/ dependents or shared household,No co-sponsor,3.0,No tangible assets,59.0,None,Rented housing,1.0,Skilled volunteer,1.0,No phone,Newcomer,bad
589,Points negative,18.0,Previous roles completed,Shared appliances,1217.0,Reserve: <100,1<=X<4,4.0,Committed/shared household,No co-sponsor,3.0,Community plot share,47.0,None,Own housing,1.0,Unskilled resident,1.0,Has phone,Newcomer,bad
965,Points 0–199,6.0,Previous roles completed,Plot repairs,454.0,Reserve: <100,<1,3.0,Committed/shared household,No co-sponsor,1.0,Long-term fund,22.0,None,Own housing,1.0,Unskilled resident,1.0,No phone,Newcomer,good
979,No points account,24.0,Delayed in prior commitments,Transport (new),2538.0,Reserve: <100,>=7,4.0,Single adult,No co-sponsor,4.0,Shared tools,47.0,None,Own housing,2.0,Unskilled resident,2.0,No phone,Newcomer,bad
180,Points negative,21.0,Issues on prior roles,Transport (new),571.0,Reserve: <100,>=7,4.0,Single adult,No co-sponsor,4.0,Community plot share,65.0,None,Own housing,2.0,Skilled volunteer,1.0,No phone,Newcomer,good
315,Points 200+,4.0,Previous roles completed,Transport (new),1494.0,No reserve,<1,1.0,Single adult,No co-sponsor,2.0,Community plot share,29.0,None,Own housing,1.0,Unskilled resident,2.0,No phone,Local resident,good
714,Points negative,9.0,Issues on prior roles,Communications equipment,1138.0,Reserve: <100,1<=X<4,4.0,Single adult,No co-sponsor,4.0,Community plot share,25.0,None,Own housing,2.0,Unskilled resident,1.0,No phone,Newcomer,good
619,Points 0–199,30.0,Previous roles completed,Workshop equipment,3441.0,Reserve: 100–499,1<=X<4,2.0,Adult w/ dependents or shared household,Co-gardener sponsor,4.0,Shared tools,21.0,None,Rented housing,1.0,Skilled volunteer,1.0,No phone,Newcomer,bad
95,Points 0–199,12.0,Previous roles completed,Transport (new),1318.0,Reserve: ≥1000,>=7,4.0,Single adult,No co-sponsor,4.0,Community plot share,54.0,None,Own housing,1.0,Skilled volunteer,1.0,Has phone,Newcomer,good
984,Points negative,36.0,Previous roles completed,Transport (used),8229.0,Reserve: <100,1<=X<4,2.0,Single adult,No co-sponsor,2.0,Long-term fund,26.0,None,Own housing,1.0,Skilled volunteer,2.0,No phone,Newcomer,bad
54,No points account,18.0,Previous roles completed,Transport (used),3378.0,No reserve,1<=X<4,2.0,Single adult,No co-sponsor,1.0,Long-term fund,31.0,None,Own housing,1.0,Skilled volunteer,1.0,Has phone,Newcomer,good
492,Points 0–199,27.0,No prior roles / all on time,Microenterprise support,8318.0,Reserve: <100,>=7,2.0,Adult w/ dependents or shared household,No co-sponsor,4.0,No tangible assets,42.0,None,Hosted / no rent,2.0,Highly skilled / lead,1.0,Has phone,Newcomer,bad
441,No points account,12.0,Previous roles completed,Transport (new),1884.0,Reserve: <100,>=7,4.0,Single adult,No co-sponsor,4.0,Shared tools,39.0,None,Own housing,1.0,Highly skilled / lead,1.0,Has phone,Newcomer,good
957,Points 200+,30.0,Issues on prior roles,Communications equipment,3656.0,No reserve,>=7,4.0,Single adult,No co-sponsor,4.0,Long-term fund,49.0,Partner stores,Own housing,2.0,Unskilled resident,1.0,No phone,Newcomer,good
181,No points account,36.0,Delayed in prior commitments,Microenterprise support,9572.0,Reserve: <100,<1,1.0,Recently separated household,No co-sponsor,1.0,Shared tools,28.0,None,Own housing,2.0,Skilled volunteer,1.0,No phone,Newcomer,bad
983,Points 200+,21.0,Previous roles completed,Transport (new),2923.0,Reserve: 100–499,1<=X<4,1.0,Adult w/ dependents or shared household,No co-sponsor,1.0,Shared tools,28.0,Partner bank,Own housing,1.0,Highly skilled / lead,1.0,Has phone,Newcomer,good
496,Points negative,24.0,Previous roles completed,Workshop equipment,2996.0,No reserve,1<=X<4,2.0,Committed/shared household,No co-sponsor,4.0,Shared tools,20.0,None,Own housing,1.0,Skilled volunteer,1.0,No phone,Newcomer,bad
445,Points 0–199,48.0,Issues on prior roles,Workshop equipment,5096.0,Reserve: <100,1<=X<4,2.0,Adult w/ dependents or shared household,No co-sponsor,3.0,Shared tools,30.0,None,Own housing,1.0,Highly skilled / lead,1.0,Has phone,Newcomer,bad
96,Points 0–199,54.0,No prior roles / all on time,Microenterprise support,15945.0,Reserve: <100,<1,3.0,Single adult,No co-sponsor,4.0,No tangible assets,58.0,None,Rented housing,1.0,Skilled volunteer,1.0,Has phone,Newcomer,bad
508,Points 0–199,15.0,All roles on time,Transport (new),6850.0,Reserve: 100–499,unemployed,1.0,Single adult,No co-sponsor,2.0,Long-term fund,34.0,None,Own housing,1.0,Highly skilled / lead,2.0,Has phone,Newcomer,bad
660,Points 0–199,18.0,Issues on prior roles,Workshop equipment,6361.0,Reserve: <100,>=7,2.0,Single adult,No co-sponsor,1.0,No tangible assets,41.0,None,Own housing,1.0,Skilled volunteer,1.0,Has phone,Newcomer,good
383,No points account,22.0,Previous roles completed,Transport (new),1283.0,No reserve,4<=X<7,4.0,Adult w/ dependents or shared household,No co-sponsor,4.0,Long-term fund,25.0,None,Rented housing,1.0,Skilled volunteer,1.0,No phone,Newcomer,good
254,No points account,24.0,Delayed in prior commitments,Workshop equipment,4151.0,Reserve: 100–499,1<=X<4,2.0,Single adult,No co-sponsor,3.0,Long-term fund,35.0,None,Own housing,2.0,Skilled volunteer,1.0,No phone,Newcomer,good
834,Points 0–199,24.0,Previous roles completed,Communications equipment,5084.0,No reserve,>=7,2.0,Adult w/ dependents or shared household,No co-sponsor,4.0,Shared tools,42.0,None,Own housing,1.0,Skilled volunteer,1.0,Has phone,Newcomer,good
93,No points account,12.0,Issues on prior roles,Communications equipment,797.0,No reserve,>=7,4.0,Adult w/ dependents or shared household,No co-sponsor,3.0,Long-term fund,33.0,Partner bank,Own housing,1.0,Unskilled resident,2.0,No phone,Newcomer,bad
255,Points 0–199,9.0,Previous roles completed,Workshop equipment,2030.0,No reserve,4<=X<7,2.0,Single adult,No co-sponsor,1.0,Shared tools,24.0,None,Own housing,1.0,Skilled volunteer,1.0,Has phone,Newcomer,good
884,No points account,18.0,Issues on prior roles,Communications equipment,1098.0,Reserve: <100,unemployed,4.0,Adult w/ dependents or shared household,No co-sponsor,4.0,Shared tools,65.0,None,Own housing,2.0,Unemployed / non-resident unskilled,1.0,No phone,Newcomer,good
974,Points negative,60.0,Previous roles completed,Microenterprise support,7297.0,Reserve: <100,>=7,4.0,Single adult,Co-gardener sponsor,4.0,No tangible assets,36.0,None,Rented housing,1.0,Skilled volunteer,1.0,No phone,Newcomer,bad
909,No points account,15.0,Delayed in prior commitments,Transport (used),3594.0,Reserve: <100,<1,1.0,Adult w/ dependents or shared household,No co-sponsor,2.0,Long-term fund,46.0,None,Own housing,2.0,Unskilled resident,1.0,No phone,Newcomer,good
555,Points 0–199,9.0,Previous roles completed,Training / education,1199.0,Reserve: <100,4<=X<7,4.0,Adult w/ dependents or shared household,No co-sponsor,4.0,Long-term fund,67.0,None,Own housing,2.0,Highly skilled / lead,1.0,Has phone,Newcomer,good
335,Points negative,24.0,No prior roles / all on time,Workshop equipment,4110.0,Reserve: <100,>=7,3.0,Single adult,No co-sponsor,4.0,No tangible assets,23.0,Partner bank,Rented housing,2.0,Skilled volunteer,2.0,No phone,Newcomer,bad
606,Points negative,24.0,All roles on time,Workshop equipment,2828.0,Reserve: 500–999,1<=X<4,4.0,Single adult,No co-sponsor,4.0,Community plot share,22.0,Partner stores,Own housing,1.0,Skilled volunteer,1.0,Has phone,Newcomer,good
938,Points 0–199,6.0,Previous roles completed,Communications equipment,2063.0,Reserve: <100,<1,4.0,Committed/shared household,No co-sponsor,3.0,Shared tools,30.0,None,Rented housing,1.0,Highly skilled / lead,1.0,Has phone,Newcomer,good
573,No points account,24.0,Previous roles completed,Transport (used),5433.0,No reserve,unemployed,2.0,Adult w/ dependents or shared household,No co-sponsor,4.0,Long-term fund,26.0,None,Rented housing,1.0,Highly skilled / lead,1.0,Has phone,Newcomer,good
520,No points account,6.0,Issues on prior roles,Communications equipment,700.0,No reserve,>=7,4.0,Single adult,No co-sponsor,4.0,No tangible assets,36.0,None,Hosted / no rent,2.0,Skilled volunteer,1.0,No phone,Newcomer,good
521,No points account,24.0,Issues on prior roles,Plot repairs,5507.0,Reserve: <100,>=7,3.0,Single adult,No co-sponsor,4.0,No tangible assets,44.0,None,Hosted / no rent,2.0,Skilled volunteer,1.0,No phone,Newcomer,good
642,Points 0–199,15.0,Previous roles completed,Plot repairs,1308.0,Reserve: <100,>=7,4.0,Single adult,No co-sponsor,4.0,Shared tools,38.0,None,Own housing,2.0,Unskilled resident,1.0,No phone,Newcomer,good
874,No points account,15.0,Previous roles completed,Shared appliances,874.0,No reserve,<1,4.0,Adult w/ dependents or shared household,No co-sponsor,1.0,Community plot share,24.0,None,Own housing,1.0,Skilled volunteer,1.0,No phone,Newcomer,good
872,Points 200+,6.0,Issues on prior roles,Transport (new),1343.0,Reserve: <100,>=7,1.0,Single adult,No co-sponsor,4.0,Community plot share,46.0,None,Own housing,2.0,Skilled volunteer,2.0,No phone,Local resident,good
528,No points account,4.0,Issues on prior roles,Communications equipment,1503.0,Reserve: <100,4<=X<7,2.0,Single adult,No co-sponsor,1.0,Community plot share,42.0,None,Own housing,2.0,Unskilled resident,2.0,No phone,Newcomer,good
455,Points negative,24.0,Previous roles completed,Transport (new),4817.0,Reserve: <100,4<=X<7,2.0,Single adult,Co-gardener sponsor,3.0,Long-term fund,31.0,None,Own housing,1.0,Skilled volunteer,1.0,Has phone,Newcomer,bad
417,Points negative,12.0,Previous roles completed,Transport (new),2579.0,Reserve: <100,<1,4.0,Single adult,No co-sponsor,1.0,Community plot share,33.0,None,Own housing,1.0,Unskilled resident,2.0,No phone,Newcomer,bad
860,No points account,9.0,Previous roles completed,Transport (new),3577.0,Reserve: 100–499,1<=X<4,1.0,Single adult,Mentor sponsor,2.0,Community plot share,26.0,None,Rented housing,1.0,Skilled volunteer,2.0,No phone,Local resident,good
449,Points 200+,12.0,Previous roles completed,Workshop equipment,1424.0,No reserve,>=7,3.0,Adult w/ dependents or shared household,No co-sponsor,4.0,Community plot share,55.0,None,Own housing,1.0,Highly skilled / lead,1.0,Has phone,Newcomer,good
285,Points 0–199,24.0,Issues on prior roles,Transport (new),3878.0,Reserve: 100–499,<1,4.0,Recently separated household,No co-sponsor,2.0,Shared tools,37.0,None,Own housing,1.0,Skilled volunteer,1.0,Has phone,Newcomer,good
811,Points 0–199,8.0,Previous roles completed,Microenterprise support,907.0,Reserve: <100,<1,3.0,Committed/shared household,No co-sponsor,2.0,Community plot share,26.0,None,Own housing,1.0,Skilled volunteer,1.0,Has phone,Newcomer,good
741,Points negative,24.0,All roles on time,Transport (new),2325.0,Reserve: 100–499,4<=X<7,2.0,Single adult,No co-sponsor,3.0,Shared tools,32.0,Partner bank,Own housing,1.0,Skilled volunteer,1.0,No phone,Newcomer,good
311,Points 0–199,48.0,Previous roles completed,Other project,5381.0,No reserve,unemployed,3.0,Single adult,No co-sponsor,4.0,No tangible assets,40.0,Partner bank,Hosted / no rent,1.0,Unemployed / non-resident unskilled,1.0,Has phone,Newcomer,good
430,Points negative,18.0,Issues on prior roles,Plot repairs,1190.0,Reserve: <100,unemployed,2.0,Adult w/ dependents or shared household,No co-sponsor,4.0,No tangible assets,55.0,None,Hosted / no rent,3.0,Unemployed / non-resident unskilled,2.0,No phone,Newcomer,bad
590,Points negative,12.0,Issues on prior roles,Workshop equipment,2246.0,Reserve: <100,>=7,3.0,Single adult,No co-sponsor,3.0,Long-term fund,60.0,None,Own housing,2.0,Skilled volunteer,1.0,No phone,Newcomer,bad
40,Points 0–199,9.0,Previous roles completed,Communications equipment,458.0,Reserve: <100,1<=X<4,4.0,Single adult,No co-sponsor,3.0,Community plot share,24.0,None,Own housing,1.0,Skilled volunteer,1.0,No phone,Newcomer,good
739,No points account,6.0,Issues on prior roles,Transport (new),6761.0,Reserve: <100,4<=X<7,1.0,Single adult,No co-sponsor,3.0,No tangible assets,45.0,None,Own housing,2.0,Highly skilled / lead,2.0,Has phone,Newcomer,good
446,No points account,9.0,Issues on prior roles,Training / education,1244.0,No reserve,>=7,4.0,Adult w/ dependents or shared household,No co-sponsor,4.0,Long-term fund,41.0,None,Rented housing,2.0,Unskilled resident,1.0,No phone,Newcomer,good
269,Points negative,14.0,Previous roles completed,Transport (new),8978.0,Reserve: <100,>=7,1.0,Recently separated household,No co-sponsor,4.0,Long-term fund,45.0,None,Own housing,1.0,Highly skilled / lead,1.0,Has phone,Local resident,bad
852,No points account,24.0,Issues on prior roles,Transport (used),4042.0,No reserve,4<=X<7,3.0,Single adult,No co-sponsor,4.0,Long-term fund,43.0,None,Own housing,2.0,Skilled volunteer,1.0,Has phone,Newcomer,good
24,Points 0–199,12.0,Issues on prior roles,Transport (used),1804.0,Reserve: 100–499,<1,3.0,Single adult,No co-sponsor,4.0,Long-term fund,44.0,None,Own housing,1.0,Skilled volunteer,1.0,No phone,Newcomer,good
779,No points account,36.0,Issues on prior roles,Transport (used),5711.0,Reserve: ≥1000,>=7,4.0,Single adult,No co-sponsor,2.0,Shared tools,38.0,None,Own housing,2.0,Highly skilled / lead,1.0,Has phone,Newcomer,good
241,Points negative,24.0,Previous roles completed,Transport (new),915.0,No reserve,>=7,4.0,Adult w/ dependents or shared household,No co-sponsor,2.0,Shared tools,29.0,Partner bank,Own housing,1.0,Skilled volunteer,1.0,No phone,Newcomer,bad
301,No points account,6.0,Previous roles completed,Transport (new),672.0,Reserve: <100,unemployed,1.0,Adult w/ dependents or shared household,No co-sponsor,4.0,Community plot share,54.0,None,Own housing,1.0,Unemployed / non-resident unskilled,1.0,Has phone,Newcomer,good
501,Points negative,24.0,Previous roles completed,Transport (new),3123.0,Reserve: <100,<1,4.0,Adult w/ dependents or shared household,No co-sponsor,1.0,Long-term fund,27.0,None,Own housing,1.0,Skilled volunteer,1.0,No phone,Newcomer,bad
796,No points account,9.0,Previous roles completed,Workshop equipment,2301.0,Reserve: 100–499,<1,2.0,Adult w/ dependents or shared household,No co-sponsor,4.0,Long-term fund,22.0,None,Rented housing,1.0,Skilled volunteer,1.0,No phone,Newcomer,good
426,Points 0–199,18.0,Previous roles completed,Transport (used),2779.0,Reserve: <100,1<=X<4,1.0,Committed/shared household,No co-sponsor,3.0,Shared tools,21.0,None,Rented housing,1.0,Skilled volunteer,1.0,Has phone,Newcomer,good
228,Points negative,12.0,Previous roles completed,Workshop equipment,7865.0,Reserve: <100,>=7,4.0,Single adult,No co-sponsor,4.0,No tangible assets,53.0,None,Hosted / no rent,1.0,Highly skilled / lead,1.0,Has phone,Newcomer,bad
652,Points 0–199,12.0,Previous roles completed,Workshop equipment,1922.0,Reserve: <100,1<=X<4,4.0,Single adult,No co-sponsor,2.0,Long-term fund,37.0,None,Own housing,1.0,Unskilled resident,1.0,No phone,Newcomer,bad
775,Points 200+,12.0,Issues on prior roles,Transport (new),1480.0,Reserve: 500–999,unemployed,2.0,Single adult,No co-sponsor,4.0,No tangible assets,66.0,Partner bank,Hosted / no rent,3.0,Unemployed / non-resident unskilled,1.0,No phone,Newcomer,good
5,Points negative,24.0,Delayed in prior commitments,Transport (new),4870.0,Reserve: <100,1<=X<4,3.0,Single adult,No co-sponsor,4.0,No tangible assets,53.0,None,Hosted / no rent,2.0,Skilled volunteer,2.0,No phone,Newcomer,bad
62,Points 0–199,15.0,Issues on prior roles,Communications equipment,1537.0,No reserve,>=7,4.0,Single adult,Mentor sponsor,4.0,Community plot share,50.0,None,Own housing,2.0,Skilled volunteer,1.0,Has phone,Newcomer,good
189,Points negative,12.0,Previous roles completed,Communications equipment,674.0,Reserve: 100–499,4<=X<7,4.0,Committed/shared household,No co-sponsor,1.0,Long-term fund,20.0,None,Own housing,1.0,Skilled volunteer,1.0,No phone,Newcomer,bad
517,Points negative,6.0,Issues on prior roles,Transport (new),1361.0,Reserve: <100,<1,2.0,Single adult,No co-sponsor,4.0,Community plot share,40.0,None,Own housing,1.0,Unskilled resident,2.0,No phone,Local resident,good
42,Points 0–199,12.0,Previous roles completed,Communications equipment,1158.0,Reserve: 500–999,1<=X<4,3.0,Recently separated household,No co-sponsor,1.0,Shared tools,26.0,None,Own housing,1.0,Skilled volunteer,1.0,Has phone,Newcomer,good
98,Points 0–199,18.0,Previous roles completed,Microenterprise support,2622.0,Reserve: 100–499,1<=X<4,4.0,Single adult,No co-sponsor,4.0,Shared tools,34.0,None,Own housing,1.0,Skilled volunteer,1.0,No phone,Newcomer,good
715,Points 0–199,60.0,Previous roles completed,Transport (new),14027.0,Reserve: <100,4<=X<7,4.0,Single adult,No co-sponsor,2.0,No tangible assets,27.0,None,Own housing,1.0,Highly skilled / lead,1.0,Has phone,Newcomer,bad
920,Points negative,24.0,Previous roles completed,Workshop equipment,3345.0,Reserve: <100,>=7,4.0,Single adult,No co-sponsor,2.0,Long-term fund,39.0,None,Rented housing,1.0,Highly skilled / lead,1.0,Has phone,Newcomer,bad
991,No points account,12.0,Issues on prior roles,Training / education,3565.0,No reserve,<1,2.0,Single adult,No co-sponsor,1.0,Long-term fund,37.0,None,Own housing,2.0,Unskilled resident,2.0,No phone,Newcomer,good
701,No points account,12.0,Previous roles completed,Workshop equipment,1123.0,Reserve: 500–999,1<=X<4,4.0,Adult w/ dependents or shared household,No co-sponsor,4.0,Shared tools,29.0,None,Rented housing,1.0,Unskilled resident,1.0,No phone,Newcomer,bad
866,No points account,15.0,Previous roles completed,Workshop equipment,2221.0,Reserve: 500–999,1<=X<4,2.0,Adult w/ dependents or shared household,No co-sponsor,4.0,Shared tools,20.0,None,Rented housing,1.0,Skilled volunteer,1.0,No phone,Newcomer,good
869,No points account,36.0,Previous roles completed,Microenterprise support,7409.0,No reserve,>=7,3.0,Single adult,No co-sponsor,2.0,Long-term fund,37.0,None,Own housing,2.0,Skilled volunteer,1.0,No phone,Newcomer,good
66,No points account,27.0,Previous roles completed,Plot repairs,5190.0,No reserve,>=7,4.0,Single adult,No co-sponsor,4.0,Long-term fund,48.0,None,Own housing,4.0,Skilled volunteer,2.0,Has phone,Newcomer,good
442,Points negative,12.0,Previous roles completed,Workshop equipment,1620.0,Reserve: <100,1<=X<4,2.0,Adult w/ dependents or shared household,Co-gardener sponsor,3.0,Long-term fund,30.0,None,Own housing,1.0,Skilled volunteer,1.0,No phone,Newcomer,good
839,Points negative,24.0,Issues on prior roles,Transport (used),2957.0,Reserve: <100,>=7,4.0,Single adult,No co-sponsor,4.0,Long-term fund,63.0,None,Own housing,2.0,Skilled volunteer,1.0,Has phone,Newcomer,good
823,Points negative,36.0,Previous roles completed,Workshop equipment,2712.0,Reserve: <100,>=7,2.0,Single adult,No co-sponsor,2.0,Long-term fund,41.0,Partner bank,Own housing,1.0,Skilled volunteer,2.0,No phone,Newcomer,bad
902,No points account,20.0,Issues on prior roles,Transport (new),3485.0,No reserve,<1,2.0,Recently separated household,No co-sponsor,4.0,Community plot share,44.0,None,Own housing,2.0,Skilled volunteer,1.0,Has phone,Newcomer,good
118,Points negative,10.0,Issues on prior roles,Workshop equipment,2132.0,No reserve,<1,2.0,Adult w/ dependents or shared household,Co-gardener sponsor,3.0,Community plot share,27.0,None,Rented housing,2.0,Skilled volunteer,1.0,No phone,Local resident,good
935,Points negative,12.0,Previous roles completed,Communications equipment,1498.0,Reserve: <100,1<=X<4,4.0,Adult w/ dependents or shared household,No co-sponsor,1.0,Shared tools,23.0,Partner bank,Own housing,1.0,Skilled volunteer,1.0,No phone,Newcomer,good
901,Points negative,16.0,Issues on prior roles,Transport (new),2625.0,Reserve: <100,>=7,2.0,Single adult,Mentor sponsor,4.0,Long-term fund,43.0,Partner bank,Rented housing,1.0,Skilled volunteer,1.0,Has phone,Newcomer,bad
489,No points account,10.0,Previous roles completed,Transport (new),1418.0,Reserve: 100–499,1<=X<4,3.0,Single adult,No co-sponsor,2.0,Community plot share,35.0,None,Rented housing,1.0,Unskilled resident,1.0,No phone,Local resident,good
125,Points 0–199,18.0,Previous roles completed,Workshop equipment,1924.0,No reserve,<1,4.0,Adult w/ dependents or shared household,No co-sponsor,3.0,Community plot share,27.0,None,Rented housing,1.0,Skilled volunteer,1.0,No phone,Newcomer,bad
921,No points account,18.0,Issues on prior roles,Workshop equipment,1817.0,Reserve: <100,1<=X<4,4.0,Adult w/ dependents or shared household,No co-sponsor,2.0,No tangible assets,28.0,None,Own housing,2.0,Skilled volunteer,1.0,No phone,Newcomer,good
363,Points 200+,12.0,Delayed in prior commitments,Transport (new),2247.0,Reserve: <100,1<=X<4,2.0,Adult w/ dependents or shared household,No co-sponsor,2.0,Shared tools,36.0,Partner stores,Own housing,2.0,Skilled volunteer,1.0,Has phone,Newcomer,good
387,No points account,18.0,Previous roles completed,Communications equipment,1126.0,No reserve,<1,4.0,Adult w/ dependents or shared household,No co-sponsor,2.0,Community plot share,21.0,None,Rented housing,1.0,Skilled volunteer,1.0,Has phone,Newcomer,good
493,No points account,6.0,Issues on prior roles,Communications equipment,1237.0,Reserve: 100–499,1<=X<4,1.0,Adult w/ dependents or shared household,No co-sponsor,1.0,Long-term fund,27.0,None,Own housing,2.0,Skilled volunteer,1.0,No phone,Newcomer,good
546,Points negative,24.0,Delayed in prior commitments,Transport (new),1333.0,Reserve: <100,unemployed,4.0,Single adult,No co-sponsor,2.0,Community plot share,43.0,None,Hosted / no rent,2.0,Skilled volunteer,2.0,No phone,Newcomer,bad
299,No points account,18.0,Previous roles completed,Workshop equipment,2515.0,Reserve: <100,1<=X<4,3.0,Single adult,No co-sponsor,4.0,Community plot share,43.0,None,Own housing,1.0,Skilled volunteer,1.0,Has phone,Newcomer,good
418,Points negative,18.0,Delayed in prior commitments,Training / education,8471.0,No reserve,1<=X<4,1.0,Adult w/ dependents or shared household,No co-sponsor,2.0,Shared tools,23.0,None,Rented housing,2.0,Skilled volunteer,1.0,Has phone,Newcomer,good
750,No points account,15.0,Previous roles completed,Transport (used),3029.0,Reserve: <100,4<=X<7,2.0,Single adult,No co-sponsor,2.0,Shared tools,33.0,None,Own housing,1.0,Skilled volunteer,1.0,No phone,Newcomer,good
